Date,Heartrate
2019-10-21 14:30:01,70
2019-10-21 14:30:02,71
2019-10-21 14:30:03,72
2019-10-21 14:30:08,72
2019-10-21 14:30:13,72
2019-10-21 14:30:17,74
2019-10-21 14:30:19,73
2019-10-21 14:30:22,74
2019-10-21 14:30:23,75
2019-10-21 14:30:28,75
2019-10-21 14:30:30,74
2019-10-21 14:30:31,73
2019-10-21 14:30:34,71
2019-10-21 14:30:36,70
2019-10-21 14:30:41,70
2019-10-21 14:30:46,71
2019-10-21 14:30:47,72
2019-10-21 14:30:48,74
2019-10-21 14:30:50,75
2019-10-21 14:30:55,75
2019-10-21 14:30:58,74
2019-10-21 14:30:59,73
2019-10-21 14:31:02,71
2019-10-21 14:31:03,72
2019-10-21 14:31:06,74
2019-10-21 14:31:07,70
2019-10-21 14:31:08,73
2019-10-21 14:31:09,74
2019-10-21 14:31:10,75
2019-10-21 14:31:17,76
2019-10-21 14:31:18,77
2019-10-21 14:31:19,84
2019-10-21 14:31:20,77
2019-10-21 14:31:21,76
2019-10-21 14:31:23,69
2019-10-21 14:31:24,65
2019-10-21 14:31:25,72
2019-10-21 14:31:26,77
2019-10-21 14:31:28,79
2019-10-21 14:31:31,77
2019-10-21 14:31:34,84
2019-10-21 14:31:35,81
2019-10-21 14:31:36,80
2019-10-21 14:31:37,79
2019-10-21 14:31:39,77
2019-10-21 14:31:40,76
2019-10-21 14:31:41,74
2019-10-21 14:31:42,73
2019-10-21 14:31:45,71
2019-10-21 14:31:46,70
2019-10-21 14:31:51,68
2019-10-21 14:31:52,67
2019-10-21 14:31:56,71
2019-10-21 14:31:57,75
2019-10-21 14:31:58,77
2019-10-21 14:31:59,76
2019-10-21 14:32:04,74
2019-10-21 14:32:06,72
2019-10-21 14:32:07,73
2019-10-21 14:32:08,71
2019-10-21 14:32:09,69
2019-10-21 14:32:10,74
2019-10-21 14:32:12,76
2019-10-21 14:32:13,77
2019-10-21 14:32:14,76
2019-10-21 14:32:15,79
2019-10-21 14:32:17,80
2019-10-21 14:32:18,81
2019-10-21 14:32:19,79
2019-10-21 14:32:20,82
2019-10-21 14:32:22,83
2019-10-21 14:32:23,84
2019-10-21 14:32:24,77
2019-10-21 14:32:25,72
2019-10-21 14:32:26,71
2019-10-21 14:32:28,70
2019-10-21 14:32:29,71
2019-10-21 14:32:30,73
2019-10-21 14:32:31,74
2019-10-21 14:32:33,75
2019-10-21 14:32:34,77
2019-10-21 14:32:35,79
2019-10-21 14:32:37,80
2019-10-21 14:32:39,81
2019-10-21 14:32:41,83
2019-10-21 14:32:42,82
2019-10-21 14:32:47,82
2019-10-21 14:32:49,80
2019-10-21 14:32:50,81
2019-10-21 14:32:53,74
2019-10-21 14:32:55,78
2019-10-21 14:32:56,80
2019-10-21 14:32:57,79
2019-10-21 14:33:00,77
2019-10-21 14:33:01,76
2019-10-21 14:33:04,77
2019-10-21 14:33:06,79
2019-10-21 14:33:07,80
2019-10-21 14:33:08,81
2019-10-21 14:33:13,81
2019-10-21 14:33:18,81
2019-10-21 14:33:19,80
2019-10-21 14:33:20,79
2019-10-21 14:33:25,79
2019-10-21 14:33:29,80
2019-10-21 14:33:30,81
2019-10-21 14:33:31,80
2019-10-21 14:33:33,79
2019-10-21 14:33:34,77
2019-10-21 14:33:35,76
2019-10-21 14:33:37,77
2019-10-21 14:33:40,78
2019-10-21 14:33:45,78
2019-10-21 14:33:47,74
2019-10-21 14:33:49,76
2019-10-21 14:33:50,82
2019-10-21 14:33:51,76
2019-10-21 14:33:52,74
2019-10-21 14:33:53,72
2019-10-21 14:33:55,69
2019-10-21 14:33:59,71
2019-10-21 14:34:01,70
2019-10-21 14:34:02,66
2019-10-21 14:34:03,61
2019-10-21 14:34:04,58
2019-10-21 14:34:08,64
2019-10-21 14:34:09,67
2019-10-21 14:34:11,68
2019-10-21 14:34:12,69
2019-10-21 14:34:13,71
2019-10-21 14:34:14,73
2019-10-21 14:34:15,74
2019-10-21 14:34:17,76
2019-10-21 14:34:18,79
2019-10-21 14:34:19,82
2019-10-21 14:34:20,83
2019-10-21 14:34:22,84
2019-10-21 14:34:23,86
2019-10-21 14:34:24,79
2019-10-21 14:34:25,77
2019-10-21 14:34:26,76
2019-10-21 14:34:30,75
2019-10-21 14:34:31,78
2019-10-21 14:34:33,80
2019-10-21 14:34:34,81
2019-10-21 14:34:36,74
2019-10-21 14:34:37,73
2019-10-21 14:34:39,66
2019-10-21 14:34:40,61
2019-10-21 14:34:41,60
2019-10-21 14:34:42,58
2019-10-21 14:34:44,55
2019-10-21 14:34:45,58
2019-10-21 14:34:46,61
2019-10-21 14:34:47,62
2019-10-21 14:34:48,69
2019-10-21 14:34:51,70
2019-10-21 14:34:52,71
2019-10-21 14:34:53,78
2019-10-21 14:34:55,71
2019-10-21 14:34:56,76
2019-10-21 14:34:57,79
2019-10-21 14:34:58,80
2019-10-21 14:35:00,82
2019-10-21 14:35:01,83
2019-10-21 14:35:02,84
2019-10-21 14:35:07,84
2019-10-21 14:35:08,89
2019-10-21 14:35:09,91
2019-10-21 14:35:11,89
2019-10-21 14:35:12,90
2019-10-21 14:35:14,89
2019-10-21 14:35:16,90
2019-10-21 14:35:17,89
2019-10-21 14:35:18,88
2019-10-21 14:35:19,89
2019-10-21 14:35:20,90
2019-10-21 14:35:22,91
2019-10-21 14:35:23,90
2019-10-21 14:35:24,83
2019-10-21 14:35:25,76
2019-10-21 14:35:26,79
2019-10-21 14:35:28,80
2019-10-21 14:35:29,82
2019-10-21 14:35:30,83
2019-10-21 14:35:31,84
2019-10-21 14:35:34,86
2019-10-21 14:35:35,87
2019-10-21 14:35:40,87
2019-10-21 14:35:41,86
2019-10-21 14:35:42,84
2019-10-21 14:35:44,83
2019-10-21 14:35:45,81
2019-10-21 14:35:46,80
2019-10-21 14:35:47,78
2019-10-21 14:35:49,75
2019-10-21 14:35:50,74
2019-10-21 14:35:51,72
2019-10-21 14:35:52,71
2019-10-21 14:35:53,70
2019-10-21 14:35:56,74
2019-10-21 14:35:57,76
2019-10-21 14:35:58,77
2019-10-21 14:36:01,78
2019-10-21 14:36:03,80
2019-10-21 14:36:04,81
2019-10-21 14:36:07,83
2019-10-21 14:36:08,84
2019-10-21 14:36:09,83
2019-10-21 14:36:11,82
2019-10-21 14:36:13,80
2019-10-21 14:36:14,79
2019-10-21 14:36:17,78
2019-10-21 14:36:19,77
2019-10-21 14:36:20,78
2019-10-21 14:36:22,83
2019-10-21 14:36:23,90
2019-10-21 14:36:24,87
2019-10-21 14:36:25,80
2019-10-21 14:36:26,81
2019-10-21 14:36:28,82
2019-10-21 14:36:29,81
2019-10-21 14:36:30,78
2019-10-21 14:36:34,80
2019-10-21 14:36:35,82
2019-10-21 14:36:36,81
2019-10-21 14:36:38,74
2019-10-21 14:36:39,73
2019-10-21 14:36:40,66
2019-10-21 14:36:41,71
2019-10-21 14:36:42,70
2019-10-21 14:36:44,63
2019-10-21 14:36:45,56
2019-10-21 14:36:46,50
2019-10-21 14:36:47,57
2019-10-21 14:36:49,53
2019-10-21 14:36:50,60
2019-10-21 14:36:51,59
2019-10-21 14:36:52,66
2019-10-21 14:36:53,67
2019-10-21 14:36:56,70
2019-10-21 14:36:57,71
2019-10-21 14:36:58,70
2019-10-21 14:37:00,71
2019-10-21 14:37:01,76
2019-10-21 14:37:02,69
2019-10-21 14:37:03,62
2019-10-21 14:37:05,61
2019-10-21 14:37:06,60
2019-10-21 14:37:07,66
2019-10-21 14:37:08,71
2019-10-21 14:37:09,73
2019-10-21 14:37:11,74
2019-10-21 14:37:12,72
2019-10-21 14:37:17,74
2019-10-21 14:37:18,76
2019-10-21 14:37:19,77
2019-10-21 14:37:20,78
2019-10-21 14:37:24,77
2019-10-21 14:37:25,76
2019-10-21 14:37:29,77
2019-10-21 14:37:30,78
2019-10-21 14:37:33,83
2019-10-21 14:37:34,81
2019-10-21 14:37:35,78
2019-10-21 14:37:36,77
2019-10-21 14:37:38,78
2019-10-21 14:37:39,80
2019-10-21 14:37:42,79
2019-10-21 14:37:44,77
2019-10-21 14:37:45,76
2019-10-21 14:37:46,74
2019-10-21 14:37:47,73
2019-10-21 14:37:50,74
2019-10-21 14:37:51,73
2019-10-21 14:37:52,74
2019-10-21 14:37:53,73
2019-10-21 14:37:58,74
2019-10-21 14:38:01,75
2019-10-21 14:38:05,74
2019-10-21 14:38:06,73
2019-10-21 14:38:08,79
2019-10-21 14:38:09,78
2019-10-21 14:38:11,71
2019-10-21 14:38:12,72
2019-10-21 14:38:13,77
2019-10-21 14:38:14,81
2019-10-21 14:38:16,82
2019-10-21 14:38:17,83
2019-10-21 14:38:18,76
2019-10-21 14:38:19,77
2019-10-21 14:38:21,78
2019-10-21 14:38:23,77
2019-10-21 14:38:24,76
2019-10-21 14:38:27,74
2019-10-21 14:38:28,73
2019-10-21 14:38:33,73
2019-10-21 14:38:38,73
2019-10-21 14:38:41,74
2019-10-21 14:38:42,75
2019-10-21 14:38:44,74
2019-10-21 14:38:45,73
2019-10-21 14:38:46,71
2019-10-21 14:38:47,70
2019-10-21 14:38:52,70
2019-10-21 14:38:53,71
2019-10-21 14:38:55,72
2019-10-21 14:39:00,72
2019-10-21 14:39:05,72
2019-10-21 14:39:07,74
2019-10-21 14:39:10,76
2019-10-21 14:39:11,79
2019-10-21 14:39:12,80
2019-10-21 14:39:13,81
2019-10-21 14:39:14,80
2019-10-21 14:39:16,79
2019-10-21 14:39:18,80
2019-10-21 14:39:19,81
2019-10-21 14:39:22,80
2019-10-21 14:39:23,79
2019-10-21 14:39:24,76
2019-10-21 14:39:27,74
2019-10-21 14:39:28,72
2019-10-21 14:39:29,69
2019-10-21 14:39:30,65
2019-10-21 14:39:31,72
2019-10-21 14:39:33,77
2019-10-21 14:39:34,79
2019-10-21 14:39:35,80
2019-10-21 14:39:36,76
2019-10-21 14:39:38,70
2019-10-21 14:39:39,71
2019-10-21 14:39:40,76
2019-10-21 14:39:41,73
2019-10-21 14:39:42,71
2019-10-21 14:39:44,69
2019-10-21 14:39:45,68
2019-10-21 14:39:46,72
2019-10-21 14:39:47,69
2019-10-21 14:39:49,75
2019-10-21 14:39:50,78
2019-10-21 14:39:51,80
2019-10-21 14:39:52,76
2019-10-21 14:39:55,77
2019-10-21 14:39:56,76
2019-10-21 14:39:57,77
2019-10-21 14:39:58,78
2019-10-21 14:40:05,77
2019-10-21 14:40:06,75
2019-10-21 14:40:07,74
2019-10-21 14:40:08,73
2019-10-21 14:40:13,73
2019-10-21 14:40:14,74
2019-10-21 14:40:16,75
2019-10-21 14:40:20,75
2019-10-21 14:40:27,75
2019-10-21 14:40:28,74
2019-10-21 14:40:29,73
2019-10-21 14:40:34,74
2019-10-21 14:40:35,73
2019-10-21 14:40:38,74
2019-10-21 14:40:39,75
2019-10-21 14:40:44,75
2019-10-21 14:40:46,74
2019-10-21 14:40:47,73
2019-10-21 14:40:50,74
2019-10-21 14:40:52,75
2019-10-21 14:40:56,74
2019-10-21 14:40:57,73
2019-10-21 14:40:58,71
2019-10-21 14:41:00,70
2019-10-21 14:41:01,71
2019-10-21 14:41:02,70
2019-10-21 14:41:03,76
2019-10-21 14:41:05,79
2019-10-21 14:41:06,74
2019-10-21 14:41:07,76
2019-10-21 14:41:09,78
2019-10-21 14:41:11,81
2019-10-21 14:41:13,80
2019-10-21 14:41:14,78
2019-10-21 14:41:16,77
2019-10-21 14:41:17,76
2019-10-21 14:41:22,76
2019-10-21 14:41:27,77
2019-10-21 14:41:28,78
2019-10-21 14:41:33,78
2019-10-21 14:41:34,77
2019-10-21 14:41:35,76
2019-10-21 14:41:36,74
2019-10-21 14:41:38,73
2019-10-21 14:41:41,72
2019-10-21 14:41:43,71
2019-10-21 14:41:44,69
2019-10-21 14:41:46,66
2019-10-21 14:41:47,65
2019-10-21 14:41:49,66
2019-10-21 14:41:51,68
2019-10-21 14:41:54,69
2019-10-21 14:41:58,69
2019-10-21 14:42:00,71
2019-10-21 14:42:01,72
2019-10-21 14:42:06,72
2019-10-21 14:42:11,72
2019-10-21 14:42:14,74
2019-10-21 14:42:16,75
2019-10-21 14:42:17,74
2019-10-21 14:42:18,75
2019-10-21 14:42:19,77
2019-10-21 14:42:21,76
2019-10-21 14:42:25,76
2019-10-21 14:42:27,74
2019-10-21 14:42:28,75
2019-10-21 14:42:29,74
2019-10-21 14:42:30,73
2019-10-21 14:42:34,74
2019-10-21 14:42:35,73
2019-10-21 14:42:36,67
2019-10-21 14:42:38,68
2019-10-21 14:42:39,75
2019-10-21 14:42:40,81
2019-10-21 14:42:41,82
2019-10-21 14:42:43,83
2019-10-21 14:42:44,90
2019-10-21 14:42:45,83
2019-10-21 14:42:46,84
2019-10-21 14:42:47,86
2019-10-21 14:42:50,87
2019-10-21 14:42:54,86
2019-10-21 14:42:55,79
2019-10-21 14:42:56,76
2019-10-21 14:42:57,77
2019-10-21 14:42:59,73
2019-10-21 14:43:00,77
2019-10-21 14:43:01,79
2019-10-21 14:43:02,80
2019-10-21 14:43:03,81
2019-10-21 14:43:05,80
2019-10-21 14:43:06,78
2019-10-21 14:43:07,77
2019-10-21 14:43:08,75
2019-10-21 14:43:10,74
2019-10-21 14:43:11,73
2019-10-21 14:43:13,74
2019-10-21 14:43:14,75
2019-10-21 14:43:16,74
2019-10-21 14:43:17,73
2019-10-21 14:43:18,71
2019-10-21 14:43:19,70
2019-10-21 14:43:21,68
2019-10-21 14:43:22,67
2019-10-21 14:43:24,68
2019-10-21 14:43:25,69
2019-10-21 14:43:32,70
2019-10-21 14:43:34,68
2019-10-21 14:43:35,69
2019-10-21 14:43:36,74
2019-10-21 14:43:38,72
2019-10-21 14:43:39,71
2019-10-21 14:43:40,72
2019-10-21 14:43:45,72
2019-10-21 14:43:49,71
2019-10-21 14:43:50,70
2019-10-21 14:43:52,71
2019-10-21 14:43:54,72
2019-10-21 14:43:59,72
2019-10-21 14:44:01,77
2019-10-21 14:44:02,81
2019-10-21 14:44:03,83
2019-10-21 14:44:05,84
2019-10-21 14:44:06,86
2019-10-21 14:44:07,87
2019-10-21 14:44:08,80
2019-10-21 14:44:10,79
2019-10-21 14:44:11,83
2019-10-21 14:44:12,85
2019-10-21 14:44:13,82
2019-10-21 14:44:14,80
2019-10-21 14:44:16,84
2019-10-21 14:44:17,85
2019-10-21 14:44:21,87
2019-10-21 14:44:22,89
2019-10-21 14:44:24,90
2019-10-21 14:44:25,91
2019-10-21 14:44:28,88
2019-10-21 14:44:29,85
2019-10-21 14:44:30,83
2019-10-21 14:44:32,82
2019-10-21 14:44:34,80
2019-10-21 14:44:35,79
2019-10-21 14:44:36,77
2019-10-21 14:44:38,76
2019-10-21 14:44:39,74
2019-10-21 14:44:40,73
2019-10-21 14:44:43,74
2019-10-21 14:44:44,76
2019-10-21 14:44:45,77
2019-10-21 14:44:46,76
2019-10-21 14:44:51,74
2019-10-21 14:44:52,73
2019-10-21 14:44:54,74
2019-10-21 14:44:56,75
2019-10-21 14:44:57,77
2019-10-21 14:44:59,79
2019-10-21 14:45:00,85
2019-10-21 14:45:01,91
2019-10-21 14:45:02,95
2019-10-21 14:45:03,97
2019-10-21 14:45:07,98
2019-10-21 14:45:08,97
2019-10-21 14:45:10,96
2019-10-21 14:45:11,95
2019-10-21 14:45:12,94
2019-10-21 14:45:13,93
2019-10-21 14:45:14,92
2019-10-21 14:45:16,87
2019-10-21 14:45:17,83
2019-10-21 14:45:18,81
2019-10-21 14:45:19,80
2019-10-21 14:45:21,79
2019-10-21 14:45:24,80
2019-10-21 14:45:25,76
2019-10-21 14:45:27,74
2019-10-21 14:45:28,73
2019-10-21 14:45:29,66
2019-10-21 14:45:30,72
2019-10-21 14:45:32,65
2019-10-21 14:45:33,59
2019-10-21 14:45:34,56
2019-10-21 14:45:35,54
2019-10-21 14:45:37,60
2019-10-21 14:45:38,65
2019-10-21 14:45:39,69
2019-10-21 14:45:43,71
2019-10-21 14:45:44,73
2019-10-21 14:45:45,74
2019-10-21 14:45:46,75
2019-10-21 14:45:51,75
2019-10-21 14:45:56,75
2019-10-21 14:46:01,75
2019-10-21 14:46:02,77
2019-10-21 14:46:04,78
2019-10-21 14:46:05,77
2019-10-21 14:46:06,79
2019-10-21 14:46:07,80
2019-10-21 14:46:08,81
2019-10-21 14:46:13,80
2019-10-21 14:46:14,79
2019-10-21 14:46:16,77
2019-10-21 14:46:17,76
2019-10-21 14:46:22,76
2019-10-21 14:46:23,77
2019-10-21 14:46:24,78
2019-10-21 14:46:28,80
2019-10-21 14:46:29,81
2019-10-21 14:46:30,80
2019-10-21 14:46:32,79
2019-10-21 14:46:33,77
2019-10-21 14:46:34,75
2019-10-21 14:46:35,74
2019-10-21 14:46:37,73
2019-10-21 14:46:40,74
2019-10-21 14:46:41,75
2019-10-21 14:46:46,74
2019-10-21 14:46:48,73
2019-10-21 14:46:51,76
2019-10-21 14:46:52,77
2019-10-21 14:46:54,79
2019-10-21 14:46:55,82
2019-10-21 14:46:56,83
2019-10-21 14:46:57,79
2019-10-21 14:46:59,80
2019-10-21 14:47:00,87
2019-10-21 14:47:01,81
2019-10-21 14:47:02,78
2019-10-21 14:47:03,77
2019-10-21 14:47:05,84
2019-10-21 14:47:06,87
2019-10-21 14:47:07,82
2019-10-21 14:47:08,83
2019-10-21 14:47:10,84
2019-10-21 14:47:11,85
2019-10-21 14:47:15,86
2019-10-21 14:47:16,87
2019-10-21 14:47:17,88
2019-10-21 14:47:19,89
2019-10-21 14:47:22,88
2019-10-21 14:47:23,89
2019-10-21 14:47:24,90
2019-10-21 14:47:27,89
2019-10-21 14:47:28,88
2019-10-21 14:47:29,86
2019-10-21 14:47:30,85
2019-10-21 14:47:34,86
2019-10-21 14:47:35,87
2019-10-21 14:47:38,89
2019-10-21 14:47:39,90
2019-10-21 14:47:40,89
2019-10-21 14:47:41,90
2019-10-21 14:47:44,89
2019-10-21 14:47:45,88
2019-10-21 14:47:46,87
2019-10-21 14:47:48,83
2019-10-21 14:47:49,82
2019-10-21 14:47:50,81
2019-10-21 14:47:51,74
2019-10-21 14:47:52,73
2019-10-21 14:47:54,66
2019-10-21 14:47:55,67
2019-10-21 14:47:56,73
2019-10-21 14:47:57,76
2019-10-21 14:47:59,77
2019-10-21 14:48:00,78
2019-10-21 14:48:05,79
2019-10-21 14:48:07,78
2019-10-21 14:48:10,77
2019-10-21 14:48:11,76
2019-10-21 14:48:13,75
2019-10-21 14:48:17,76
2019-10-21 14:48:18,77
2019-10-21 14:48:21,78
2019-10-21 14:48:22,80
2019-10-21 14:48:24,81
2019-10-21 14:48:26,82
2019-10-21 14:48:27,83
2019-10-21 14:48:28,84
2019-10-21 14:48:29,85
2019-10-21 14:48:30,86
2019-10-21 14:48:32,87
2019-10-21 14:48:33,88
2019-10-21 14:48:34,89
2019-10-21 14:48:35,90
2019-10-21 14:48:38,83
2019-10-21 14:48:39,82
2019-10-21 14:48:40,83
2019-10-21 14:48:42,84
2019-10-21 14:48:45,83
2019-10-21 14:48:46,82
2019-10-21 14:48:48,77
2019-10-21 14:48:49,73
2019-10-21 14:48:50,74
2019-10-21 14:48:51,81
2019-10-21 14:48:53,84
2019-10-21 14:48:54,87
2019-10-21 14:48:55,86
2019-10-21 14:48:56,89
2019-10-21 14:48:59,90
2019-10-21 14:49:00,91
2019-10-21 14:49:01,92
2019-10-21 14:49:02,93
2019-10-21 14:49:04,94
2019-10-21 14:49:05,97
2019-10-21 14:49:06,98
2019-10-21 14:49:07,97
2019-10-21 14:49:08,98
2019-10-21 14:49:10,91
2019-10-21 14:49:11,89
2019-10-21 14:49:12,90
2019-10-21 14:49:17,91
2019-10-21 14:49:18,90
2019-10-21 14:49:22,91
2019-10-21 14:49:23,90
2019-10-21 14:49:27,92
2019-10-21 14:49:29,91
2019-10-21 14:49:33,92
2019-10-21 14:49:37,94
2019-10-21 14:49:38,95
2019-10-21 14:49:39,96
2019-10-21 14:49:40,98
2019-10-21 14:49:42,99
2019-10-21 14:49:43,100
2019-10-21 14:49:45,101
2019-10-21 14:49:46,102
2019-10-21 14:49:50,103
2019-10-21 14:49:51,104
2019-10-21 14:49:53,105
2019-10-21 14:49:54,106
2019-10-21 14:49:59,106
2019-10-21 14:50:00,105
2019-10-21 14:50:01,104
2019-10-21 14:50:06,104
2019-10-21 14:50:10,105
2019-10-21 14:50:11,104
2019-10-21 14:50:12,103
2019-10-21 14:50:15,101
2019-10-21 14:50:16,100
2019-10-21 14:50:21,98
2019-10-21 14:50:23,97
2019-10-21 14:50:24,95
2019-10-21 14:50:26,94
2019-10-21 14:50:29,95
2019-10-21 14:50:31,96
2019-10-21 14:50:34,89
2019-10-21 14:50:35,82
2019-10-21 14:50:37,79
2019-10-21 14:50:40,77
2019-10-21 14:50:42,84
2019-10-21 14:50:43,86
2019-10-21 14:50:44,87
2019-10-21 14:50:46,80
2019-10-21 14:50:48,75
2019-10-21 14:50:49,74
2019-10-21 14:50:50,73
2019-10-21 14:50:51,74
2019-10-21 14:50:53,69
2019-10-21 14:50:55,70
2019-10-21 14:50:59,72
2019-10-21 14:51:00,73
2019-10-21 14:51:01,74
2019-10-21 14:51:02,75
2019-10-21 14:51:04,76
2019-10-21 14:51:05,77
2019-10-21 14:51:06,78
2019-10-21 14:51:07,79
2019-10-21 14:51:10,80
2019-10-21 14:51:11,81
2019-10-21 14:51:13,82
2019-10-21 14:51:16,83
2019-10-21 14:51:18,84
2019-10-21 14:51:20,86
2019-10-21 14:51:22,87
2019-10-21 14:51:23,88
2019-10-21 14:51:24,89
2019-10-21 14:51:26,90
2019-10-21 14:51:27,91
2019-10-21 14:51:28,92
2019-10-21 14:51:29,91
2019-10-21 14:51:31,92
2019-10-21 14:51:32,93
2019-10-21 14:51:37,94
2019-10-21 14:51:39,95
2019-10-21 14:51:42,96
2019-10-21 14:51:43,97
2019-10-21 14:51:44,98
2019-10-21 14:51:48,99
2019-10-21 14:51:49,100
2019-10-21 14:51:50,101
2019-10-21 14:51:51,102
2019-10-21 14:51:53,104
2019-10-21 14:51:54,105
2019-10-21 14:51:56,106
2019-10-21 14:52:01,107
2019-10-21 14:52:02,108
2019-10-21 14:52:05,110
2019-10-21 14:52:06,111
2019-10-21 14:52:07,112
2019-10-21 14:52:09,113
2019-10-21 14:52:10,112
2019-10-21 14:52:11,113
2019-10-21 14:52:12,114
2019-10-21 14:52:13,113
2019-10-21 14:52:16,112
2019-10-21 14:52:18,111
2019-10-21 14:52:20,109
2019-10-21 14:52:22,108
2019-10-21 14:52:27,109
2019-10-21 14:52:28,110
2019-10-21 14:52:29,111
2019-10-21 14:52:32,113
2019-10-21 14:52:34,114
2019-10-21 14:52:36,115
2019-10-21 14:52:38,116
2019-10-21 14:52:42,115
2019-10-21 14:52:44,114
2019-10-21 14:52:45,113
2019-10-21 14:52:48,114
2019-10-21 14:52:49,115
2019-10-21 14:52:51,117
2019-10-21 14:52:53,119
2019-10-21 14:52:56,118
2019-10-21 14:53:00,117
2019-10-21 14:53:05,116
2019-10-21 14:53:07,115
2019-10-21 14:53:09,114
2019-10-21 14:53:11,113
2019-10-21 14:53:16,113
2019-10-21 14:53:18,114
2019-10-21 14:53:23,115
2019-10-21 14:53:25,114
2019-10-21 14:53:28,115
2019-10-21 14:53:29,116
2019-10-21 14:53:31,117
2019-10-21 14:53:32,118
2019-10-21 14:53:35,117
2019-10-21 14:53:38,116
2019-10-21 14:53:42,115
2019-10-21 14:53:44,114
2019-10-21 14:53:45,115
2019-10-21 14:53:49,116
2019-10-21 14:53:51,117
2019-10-21 14:53:55,116
2019-10-21 14:53:56,115
2019-10-21 14:53:59,114
2019-10-21 14:54:03,115
2019-10-21 14:54:04,116
2019-10-21 14:54:06,115
2019-10-21 14:54:07,114
2019-10-21 14:54:09,113
2019-10-21 14:54:10,112
2019-10-21 14:54:11,111
2019-10-21 14:54:13,110
2019-10-21 14:54:20,110
2019-10-21 14:54:24,110
2019-10-21 14:54:28,111
2019-10-21 14:54:29,112
2019-10-21 14:54:34,111
2019-10-21 14:54:36,112
2019-10-21 14:54:38,110
2019-10-21 14:54:39,108
2019-10-21 14:54:40,107
2019-10-21 14:54:43,105
2019-10-21 14:54:44,103
2019-10-21 14:54:47,102
2019-10-21 14:54:50,101
2019-10-21 14:54:51,100
2019-10-21 14:54:54,99
2019-10-21 14:54:55,98
2019-10-21 14:54:56,96
2019-10-21 14:55:00,97
2019-10-21 14:55:02,98
2019-10-21 14:55:04,97
2019-10-21 14:55:05,95
2019-10-21 14:55:06,94
2019-10-21 14:55:07,92
2019-10-21 14:55:09,94
2019-10-21 14:55:10,93
2019-10-21 14:55:11,92
2019-10-21 14:55:12,91
2019-10-21 14:55:13,90
2019-10-21 14:55:15,89
2019-10-21 14:55:20,90
2019-10-21 14:55:21,91
2019-10-21 14:55:26,92
2019-10-21 14:55:27,91
2019-10-21 14:55:28,90
2019-10-21 14:55:29,91
2019-10-21 14:55:32,92
2019-10-21 14:55:33,91
2019-10-21 14:55:37,90
2019-10-21 14:55:40,91
2019-10-21 14:55:45,90
2019-10-21 14:55:50,90
2019-10-21 14:55:51,91
2019-10-21 14:55:53,93
2019-10-21 14:55:55,94
2019-10-21 14:55:56,93
2019-10-21 14:55:58,94
2019-10-21 14:55:59,93
2019-10-21 14:56:00,92
2019-10-21 14:56:01,91
2019-10-21 14:56:02,89
2019-10-21 14:56:07,90
2019-10-21 14:56:09,91
2019-10-21 14:56:10,92
2019-10-21 14:56:11,93
2019-10-21 14:56:12,94
2019-10-21 14:56:14,95
2019-10-21 14:56:15,96
2019-10-21 14:56:16,97
2019-10-21 14:56:17,98
2019-10-21 14:56:18,99
2019-10-21 14:56:20,100
2019-10-21 14:56:21,101
2019-10-21 14:56:22,102
2019-10-21 14:56:23,103
2019-10-21 14:56:25,104
2019-10-21 14:56:27,103
2019-10-21 14:56:28,102
2019-10-21 14:56:29,101
2019-10-21 14:56:31,100
2019-10-21 14:56:32,99
2019-10-21 14:56:33,98
2019-10-21 14:56:36,99
2019-10-21 14:56:37,100
2019-10-21 14:56:39,102
2019-10-21 14:56:40,103
2019-10-21 14:56:42,104
2019-10-21 14:56:43,105
2019-10-21 14:56:44,106
2019-10-21 14:56:45,107
2019-10-21 14:56:47,108
2019-10-21 14:56:48,109
2019-10-21 14:56:49,110
2019-10-21 14:56:50,109
2019-10-21 14:56:51,110
2019-10-21 14:56:53,111
2019-10-21 14:56:58,113
2019-10-21 14:57:03,114
2019-10-21 14:57:05,113
2019-10-21 14:57:07,112
2019-10-21 14:57:10,111
2019-10-21 14:57:11,110
2019-10-21 14:57:12,109
2019-10-21 14:57:15,108
2019-10-21 14:57:16,107
2019-10-21 14:57:18,100
2019-10-21 14:57:20,98
2019-10-21 14:57:21,97
2019-10-21 14:57:23,98
2019-10-21 14:57:25,97
2019-10-21 14:57:26,96
2019-10-21 14:57:27,90
2019-10-21 14:57:28,87
2019-10-21 14:57:32,86
2019-10-21 14:57:33,85
2019-10-21 14:57:37,83
2019-10-21 14:57:38,82
2019-10-21 14:57:40,81
2019-10-21 14:57:42,83
2019-10-21 14:57:43,84
2019-10-21 14:57:44,80
2019-10-21 14:57:45,82
2019-10-21 14:57:47,81
2019-10-21 14:57:48,82
2019-10-21 14:57:52,83
2019-10-21 14:57:53,82
2019-10-21 14:57:54,83
2019-10-21 14:57:55,82
2019-10-21 14:58:00,82
2019-10-21 14:58:03,81
2019-10-21 14:58:04,80
2019-10-21 14:58:05,78
2019-10-21 14:58:06,77
2019-10-21 14:58:07,76
2019-10-21 14:58:12,74
2019-10-21 14:58:14,73
2019-10-21 14:58:19,73
2019-10-21 14:58:20,74
2019-10-21 14:58:21,73
2019-10-21 14:58:25,77
2019-10-21 14:58:26,79
2019-10-21 14:58:27,76
2019-10-21 14:58:32,75
2019-10-21 14:58:34,74
2019-10-21 14:58:36,75
2019-10-21 14:58:41,75
2019-10-21 14:58:43,77
2019-10-21 14:58:44,78
2019-10-21 14:58:49,78
2019-10-21 14:58:50,77
2019-10-21 14:58:52,76
2019-10-21 14:58:54,74
2019-10-21 14:58:55,73
2019-10-21 14:58:56,74
2019-10-21 14:58:58,75
2019-10-21 14:59:00,77
2019-10-21 14:59:01,78
2019-10-21 14:59:06,77
2019-10-21 14:59:07,76
2019-10-21 14:59:09,74
2019-10-21 14:59:10,73
2019-10-21 14:59:14,74
2019-10-21 14:59:15,75
2019-10-21 14:59:17,76
2019-10-21 14:59:18,77
2019-10-21 14:59:20,78
2019-10-21 14:59:21,79
2019-10-21 14:59:22,80
2019-10-21 14:59:23,81
2019-10-21 14:59:25,82
2019-10-21 14:59:26,80
2019-10-21 14:59:27,79
2019-10-21 14:59:28,80
2019-10-21 14:59:30,85
2019-10-21 14:59:31,80
2019-10-21 14:59:32,79
2019-10-21 14:59:36,80
2019-10-21 14:59:37,81
2019-10-21 14:59:41,83
2019-10-21 14:59:42,90
2019-10-21 14:59:43,91
2019-10-21 14:59:44,98
2019-10-21 14:59:45,104
2019-10-21 14:59:47,103
2019-10-21 14:59:48,102
2019-10-21 14:59:49,95
2019-10-21 14:59:50,96
2019-10-21 14:59:52,89
2019-10-21 14:59:53,82
2019-10-21 14:59:54,79
2019-10-21 14:59:56,77
2019-10-21 14:59:58,76
2019-10-21 15:00:00,69
2019-10-21 15:00:01,74
2019-10-21 15:00:03,75
2019-10-21 15:00:04,77
2019-10-21 15:00:05,78
2019-10-21 15:00:06,76
2019-10-21 15:00:07,79
2019-10-21 15:00:10,80
2019-10-21 15:00:11,81
2019-10-21 15:00:12,82
2019-10-21 15:00:14,83
2019-10-21 15:00:15,88
2019-10-21 15:00:19,86
2019-10-21 15:00:20,85
2019-10-21 15:00:21,83
2019-10-21 15:00:22,81
2019-10-21 15:00:23,80
2019-10-21 15:00:25,81
2019-10-21 15:00:26,82
2019-10-21 15:00:27,76
2019-10-21 15:00:28,82
2019-10-21 15:00:30,86
2019-10-21 15:00:31,82
2019-10-21 15:00:32,79
2019-10-21 15:00:33,77
2019-10-21 15:00:34,76
2019-10-21 15:00:36,77
2019-10-21 15:00:37,76
2019-10-21 15:00:42,76
2019-10-21 15:00:47,76
2019-10-21 15:00:52,76
2019-10-21 15:00:55,77
2019-10-21 15:00:56,78
2019-10-21 15:00:59,80
2019-10-21 15:01:00,81
2019-10-21 15:01:03,83
2019-10-21 15:01:04,90
2019-10-21 15:01:05,92
2019-10-21 15:01:06,91
2019-10-21 15:01:09,90
2019-10-21 15:01:10,92
2019-10-21 15:01:11,91
2019-10-21 15:01:12,90
2019-10-21 15:01:14,83
2019-10-21 15:01:15,79
2019-10-21 15:01:16,77
2019-10-21 15:01:17,78
2019-10-21 15:01:19,80
2019-10-21 15:01:20,81
2019-10-21 15:01:22,80
2019-10-21 15:01:23,79
2019-10-21 15:01:26,77
2019-10-21 15:01:27,76
2019-10-21 15:01:32,76
2019-10-21 15:01:33,77
2019-10-21 15:01:35,78
2019-10-21 15:01:38,77
2019-10-21 15:01:39,76
2019-10-21 15:01:44,76
2019-10-21 15:01:49,77
2019-10-21 15:01:50,76
2019-10-21 15:01:57,76
2019-10-21 15:01:58,74
2019-10-21 15:01:59,78
2019-10-21 15:02:00,81
2019-10-21 15:02:01,83
2019-10-21 15:02:03,84
2019-10-21 15:02:06,83
2019-10-21 15:02:08,82
2019-10-21 15:02:10,83
2019-10-21 15:02:11,82
2019-10-21 15:02:12,79
2019-10-21 15:02:14,77
2019-10-21 15:02:15,76
2019-10-21 15:02:19,77
2019-10-21 15:02:20,76
2019-10-21 15:02:25,76
2019-10-21 15:02:28,74
2019-10-21 15:02:31,73
2019-10-21 15:02:33,74
2019-10-21 15:02:34,75
2019-10-21 15:02:37,69
2019-10-21 15:02:38,75
2019-10-21 15:02:39,80
2019-10-21 15:02:41,82
2019-10-21 15:02:42,83
2019-10-21 15:02:43,84
2019-10-21 15:02:46,83
2019-10-21 15:02:47,82
2019-10-21 15:02:49,79
2019-10-21 15:02:50,76
2019-10-21 15:02:52,74
2019-10-21 15:02:53,73
2019-10-21 15:02:55,74
2019-10-21 15:02:57,73
2019-10-21 15:03:00,79
2019-10-21 15:03:01,82
2019-10-21 15:03:05,80
2019-10-21 15:03:06,79
2019-10-21 15:03:08,77
2019-10-21 15:03:09,76
2019-10-21 15:03:11,77
2019-10-21 15:03:12,78
2019-10-21 15:03:16,77
2019-10-21 15:03:17,76
2019-10-21 15:03:20,77
2019-10-21 15:03:21,78
2019-10-21 15:03:22,80
2019-10-21 15:03:23,81
2019-10-21 15:03:28,83
2019-10-21 15:03:30,85
2019-10-21 15:03:31,86
2019-10-21 15:03:32,87
2019-10-21 15:03:33,86
2019-10-21 15:03:35,85
2019-10-21 15:03:37,86
2019-10-21 15:03:38,85
2019-10-21 15:03:41,86
2019-10-21 15:03:44,85
2019-10-21 15:03:46,86
2019-10-21 15:03:47,85
2019-10-21 15:03:49,84
2019-10-21 15:03:53,83
2019-10-21 15:03:54,82
2019-10-21 15:03:55,81
2019-10-21 15:03:58,82
2019-10-21 15:03:59,83
2019-10-21 15:04:00,84
2019-10-21 15:04:01,85
2019-10-21 15:04:03,86
2019-10-21 15:04:05,87
2019-10-21 15:04:10,87
2019-10-21 15:04:11,88
2019-10-21 15:04:16,87
2019-10-21 15:04:17,85
2019-10-21 15:04:19,86
2019-10-21 15:04:20,85
2019-10-21 15:04:24,88
2019-10-21 15:04:25,87
2019-10-21 15:04:27,88
2019-10-21 15:04:28,89
2019-10-21 15:04:30,90
2019-10-21 15:04:31,91
2019-10-21 15:04:32,92
2019-10-21 15:04:33,93
2019-10-21 15:04:35,94
2019-10-21 15:04:36,95
2019-10-21 15:04:38,94
2019-10-21 15:04:39,93
2019-10-21 15:04:41,86
2019-10-21 15:04:42,79
2019-10-21 15:04:43,76
2019-10-21 15:04:44,74
2019-10-21 15:04:46,73
2019-10-21 15:04:48,74
2019-10-21 15:04:49,75
2019-10-21 15:04:54,74
2019-10-21 15:04:55,73
2019-10-21 15:05:00,74
2019-10-21 15:05:01,75
2019-10-21 15:05:05,74
2019-10-21 15:05:06,73
2019-10-21 15:05:08,74
2019-10-21 15:05:09,73
2019-10-21 15:05:10,74
2019-10-21 15:05:11,75
2019-10-21 15:05:16,74
2019-10-21 15:05:17,73
2019-10-21 15:05:19,74
2019-10-21 15:05:20,75
2019-10-21 15:05:21,72
2019-10-21 15:05:22,75
2019-10-21 15:05:24,77
2019-10-21 15:05:25,78
2019-10-21 15:05:30,78
2019-10-21 15:05:33,77
2019-10-21 15:05:35,76
2019-10-21 15:05:36,75
2019-10-21 15:05:38,74
2019-10-21 15:05:39,73
2019-10-21 15:05:43,71
2019-10-21 15:05:44,75
2019-10-21 15:05:46,77
2019-10-21 15:05:47,73
2019-10-21 15:05:52,73
2019-10-21 15:05:53,71
2019-10-21 15:05:54,70
2019-10-21 15:05:57,76
2019-10-21 15:05:58,70
2019-10-21 15:05:59,71
2019-10-21 15:06:00,68
2019-10-21 15:06:02,73
2019-10-21 15:06:03,74
2019-10-21 15:06:04,76
2019-10-21 15:06:05,77
2019-10-21 15:06:06,76
2019-10-21 15:06:13,76
2019-10-21 15:06:15,77
2019-10-21 15:06:16,76
2019-10-21 15:06:21,77
2019-10-21 15:06:22,82
2019-10-21 15:06:25,76
2019-10-21 15:06:26,71
2019-10-21 15:06:27,69
2019-10-21 15:06:28,68
2019-10-21 15:06:30,67
2019-10-21 15:06:32,68
2019-10-21 15:06:33,69
2019-10-21 15:06:36,71
2019-10-21 15:06:37,73
2019-10-21 15:06:38,74
2019-10-21 15:06:39,75
2019-10-21 15:06:42,74
2019-10-21 15:06:43,73
2019-10-21 15:06:47,74
2019-10-21 15:06:48,73
2019-10-21 15:06:51,74
2019-10-21 15:06:52,81
2019-10-21 15:06:53,82
2019-10-21 15:06:54,83
2019-10-21 15:06:55,82
2019-10-21 15:06:57,81
2019-10-21 15:06:58,74
2019-10-21 15:06:59,70
2019-10-21 15:07:02,74
2019-10-21 15:07:03,75
2019-10-21 15:07:08,74
2019-10-21 15:07:09,73
2019-10-21 15:07:14,73
2019-10-21 15:07:19,73
2019-10-21 15:07:24,74
2019-10-21 15:07:25,76
2019-10-21 15:07:26,77
2019-10-21 15:07:27,79
2019-10-21 15:07:28,80
2019-10-21 15:07:30,81
2019-10-21 15:07:32,80
2019-10-21 15:07:33,79
2019-10-21 15:07:38,77
2019-10-21 15:07:40,76
2019-10-21 15:07:41,74
2019-10-21 15:07:43,73
2019-10-21 15:07:44,74
2019-10-21 15:07:46,75
2019-10-21 15:07:47,77
2019-10-21 15:07:48,78
2019-10-21 15:07:53,77
2019-10-21 15:07:54,76
2019-10-21 15:07:59,77
2019-10-21 15:08:03,78
2019-10-21 15:08:05,80
2019-10-21 15:08:06,79
2019-10-21 15:08:08,78
2019-10-21 15:08:09,74
2019-10-21 15:08:10,69
2019-10-21 15:08:11,72
2019-10-21 15:08:13,74
2019-10-21 15:08:14,76
2019-10-21 15:08:15,77
2019-10-21 15:08:17,78
2019-10-21 15:08:19,77
2019-10-21 15:08:20,76
2019-10-21 15:08:24,77
2019-10-21 15:08:25,79
2019-10-21 15:08:26,80
2019-10-21 15:08:27,81
2019-10-21 15:08:32,81
2019-10-21 15:08:36,83
2019-10-21 15:08:37,84
2019-10-21 15:08:40,80
2019-10-21 15:08:41,78
2019-10-21 15:08:46,77
2019-10-21 15:08:47,75
2019-10-21 15:08:48,74
2019-10-21 15:08:49,73
2019-10-21 15:08:53,74
2019-10-21 15:08:54,75
2019-10-21 15:08:57,74
2019-10-21 15:08:58,73
2019-10-21 15:08:59,71
2019-10-21 15:09:00,72
2019-10-21 15:09:02,71
2019-10-21 15:09:03,70
2019-10-21 15:09:04,71
2019-10-21 15:09:05,78
2019-10-21 15:09:06,71
2019-10-21 15:09:08,78
2019-10-21 15:09:09,75
2019-10-21 15:09:10,68
2019-10-21 15:09:11,62
2019-10-21 15:09:13,61
2019-10-21 15:09:14,65
2019-10-21 15:09:15,72
2019-10-21 15:09:16,77
2019-10-21 15:09:18,78
2019-10-21 15:09:19,77
2019-10-21 15:09:20,76
2019-10-21 15:09:25,76
2019-10-21 15:09:26,75
2019-10-21 15:09:27,76
2019-10-21 15:09:29,70
2019-10-21 15:09:30,66
2019-10-21 15:09:31,64
2019-10-21 15:09:32,61
2019-10-21 15:09:33,60
2019-10-21 15:09:35,59
2019-10-21 15:09:36,66
2019-10-21 15:09:37,69
2019-10-21 15:09:38,72
2019-10-21 15:09:40,74
2019-10-21 15:09:41,75
2019-10-21 15:09:43,77
2019-10-21 15:09:46,79
2019-10-21 15:09:47,80
2019-10-21 15:09:48,79
2019-10-21 15:09:52,77
2019-10-21 15:09:54,76
2019-10-21 15:09:55,77
2019-10-21 15:09:57,78
2019-10-21 15:09:59,72
2019-10-21 15:10:00,74
2019-10-21 15:10:02,73
2019-10-21 15:10:04,74
2019-10-21 15:10:05,73
2019-10-21 15:10:07,79
2019-10-21 15:10:08,82
2019-10-21 15:10:09,86
2019-10-21 15:10:10,87
2019-10-21 15:10:15,87
2019-10-21 15:10:16,89
2019-10-21 15:10:18,90
2019-10-21 15:10:19,83
2019-10-21 15:10:20,82
2019-10-21 15:10:21,81
2019-10-21 15:10:22,74
2019-10-21 15:10:24,73
2019-10-21 15:10:25,74
2019-10-21 15:10:26,68
2019-10-21 15:10:27,62
2019-10-21 15:10:29,61
2019-10-21 15:10:30,62
2019-10-21 15:10:31,69
2019-10-21 15:10:32,62
2019-10-21 15:10:33,69
2019-10-21 15:10:35,75
2019-10-21 15:10:36,78
2019-10-21 15:10:37,80
2019-10-21 15:10:38,76
2019-10-21 15:10:40,74
2019-10-21 15:10:41,75
2019-10-21 15:10:45,74
2019-10-21 15:10:46,73
2019-10-21 15:10:47,74
2019-10-21 15:10:48,73
2019-10-21 15:10:52,74
2019-10-21 15:10:53,75
2019-10-21 15:10:58,75
2019-10-21 15:11:03,75
2019-10-21 15:11:08,74
2019-10-21 15:11:10,73
2019-10-21 15:11:13,72
2019-10-21 15:11:14,71
2019-10-21 15:11:15,70
2019-10-21 15:11:18,71
2019-10-21 15:11:19,72
2019-10-21 15:11:20,74
2019-10-21 15:11:21,81
2019-10-21 15:11:22,86
2019-10-21 15:11:24,88
2019-10-21 15:11:25,89
2019-10-21 15:11:29,90
2019-10-21 15:11:30,89
2019-10-21 15:11:31,88
2019-10-21 15:11:32,86
2019-10-21 15:11:33,85
2019-10-21 15:11:35,80
2019-10-21 15:11:36,78
2019-10-21 15:11:37,77
2019-10-21 15:11:38,76
2019-10-21 15:11:45,76
2019-10-21 15:11:49,76
2019-10-21 15:11:53,71
2019-10-21 15:11:54,70
2019-10-21 15:11:57,71
2019-10-21 15:11:59,72
2019-10-21 15:12:04,72
2019-10-21 15:12:07,71
2019-10-21 15:12:08,70
2019-10-21 15:12:13,70
2019-10-21 15:12:14,71
2019-10-21 15:12:15,72
2019-10-21 15:12:18,73
2019-10-21 15:12:19,74
2019-10-21 15:12:20,75
2019-10-21 15:12:25,74
2019-10-21 15:12:26,73
2019-10-21 15:12:29,71
2019-10-21 15:12:30,70
2019-10-21 15:12:34,68
2019-10-21 15:12:36,67
2019-10-21 15:12:37,68
2019-10-21 15:12:40,70
2019-10-21 15:12:42,71
2019-10-21 15:12:43,72
2019-10-21 15:12:48,71
2019-10-21 15:12:49,70
2019-10-21 15:12:52,71
2019-10-21 15:12:53,70
2019-10-21 15:12:54,68
2019-10-21 15:12:56,67
2019-10-21 15:12:59,68
2019-10-21 15:13:00,69
2019-10-21 15:13:02,71
2019-10-21 15:13:03,72
2019-10-21 15:13:04,71
2019-10-21 15:13:05,70
2019-10-21 15:13:08,69
2019-10-21 15:13:10,68
2019-10-21 15:13:11,70
2019-10-21 15:13:13,73
2019-10-21 15:13:14,74
2019-10-21 15:13:15,76
2019-10-21 15:13:16,77
2019-10-21 15:13:18,78
2019-10-21 15:13:21,80
2019-10-21 15:13:23,81
2019-10-21 15:13:24,83
2019-10-21 15:13:25,84
2019-10-21 15:13:26,86
2019-10-21 15:13:27,88
2019-10-21 15:13:29,89
2019-10-21 15:13:30,90
2019-10-21 15:13:34,83
2019-10-21 15:13:35,90
2019-10-21 15:13:36,83
2019-10-21 15:13:37,82
2019-10-21 15:13:39,77
2019-10-21 15:13:40,76
2019-10-21 15:13:45,76
2019-10-21 15:13:49,76
2019-10-21 15:13:51,74
2019-10-21 15:13:52,73
2019-10-21 15:13:57,74
2019-10-21 15:13:58,76
2019-10-21 15:13:59,77
2019-10-21 15:14:00,79
2019-10-21 15:14:02,80
2019-10-21 15:14:03,82
2019-10-21 15:14:04,83
2019-10-21 15:14:05,82
2019-10-21 15:14:07,77
2019-10-21 15:14:08,75
2019-10-21 15:14:09,74
2019-10-21 15:14:10,75
2019-10-21 15:14:13,77
2019-10-21 15:14:14,78
2019-10-21 15:14:19,78
2019-10-21 15:14:20,77
2019-10-21 15:14:21,76
2019-10-21 15:14:23,74
2019-10-21 15:14:24,73
2019-10-21 15:14:25,71
2019-10-21 15:14:26,70
2019-10-21 15:14:30,71
2019-10-21 15:14:31,73
2019-10-21 15:14:32,76
2019-10-21 15:14:34,77
2019-10-21 15:14:35,79
2019-10-21 15:14:36,82
2019-10-21 15:14:40,80
2019-10-21 15:14:41,78
2019-10-21 15:14:42,77
2019-10-21 15:14:43,76
2019-10-21 15:14:45,74
2019-10-21 15:14:46,73
2019-10-21 15:14:47,71
2019-10-21 15:14:48,72
2019-10-21 15:14:53,74
2019-10-21 15:14:54,75
2019-10-21 15:14:58,74
2019-10-21 15:14:59,75
2019-10-21 15:15:02,77
2019-10-21 15:15:03,78
2019-10-21 15:15:08,77
2019-10-21 15:15:09,76
2019-10-21 15:15:10,74
2019-10-21 15:15:12,73
2019-10-21 15:15:16,73
2019-10-21 15:15:23,73
2019-10-21 15:15:26,72
2019-10-21 15:15:27,71
2019-10-21 15:15:29,70
2019-10-21 15:15:34,70
2019-10-21 15:15:35,71
2019-10-21 15:15:36,72
2019-10-21 15:15:41,72
2019-10-21 15:15:43,74
2019-10-21 15:15:45,75
2019-10-21 15:15:47,77
2019-10-21 15:15:48,78
2019-10-21 15:15:52,77
2019-10-21 15:15:53,76
2019-10-21 15:15:56,75
2019-10-21 15:15:57,74
2019-10-21 15:15:59,73
2019-10-21 15:16:02,74
2019-10-21 15:16:03,75
2019-10-21 15:16:04,80
2019-10-21 15:16:05,82
2019-10-21 15:16:07,83
2019-10-21 15:16:08,82
2019-10-21 15:16:09,83
2019-10-21 15:16:10,84
2019-10-21 15:16:12,77
2019-10-21 15:16:13,82
2019-10-21 15:16:14,79
2019-10-21 15:16:15,82
2019-10-21 15:16:18,80
2019-10-21 15:16:19,81
2019-10-21 15:16:21,80
2019-10-21 15:16:23,79
2019-10-21 15:16:24,80
2019-10-21 15:16:25,79
2019-10-21 15:16:27,73
2019-10-21 15:16:29,70
2019-10-21 15:16:34,71
2019-10-21 15:16:35,72
2019-10-21 15:16:40,72
2019-10-21 15:16:42,74
2019-10-21 15:16:43,75
2019-10-21 15:16:45,77
2019-10-21 15:16:46,79
2019-10-21 15:16:47,80
2019-10-21 15:16:48,81
2019-10-21 15:16:50,80
2019-10-21 15:16:51,79
2019-10-21 15:16:52,77
2019-10-21 15:16:53,76
2019-10-21 15:16:54,74
2019-10-21 15:16:56,73
2019-10-21 15:16:58,74
2019-10-21 15:17:01,75
2019-10-21 15:17:04,74
2019-10-21 15:17:05,73
2019-10-21 15:17:10,73
2019-10-21 15:17:17,73
2019-10-21 15:17:20,74
2019-10-21 15:17:21,75
2019-10-21 15:17:23,74
2019-10-21 15:17:24,73
2019-10-21 15:17:29,73
2019-10-21 15:17:32,74
2019-10-21 15:17:34,75
2019-10-21 15:17:36,77
2019-10-21 15:17:37,76
2019-10-21 15:17:40,74
2019-10-21 15:17:41,73
2019-10-21 15:17:46,73
2019-10-21 15:17:47,74
2019-10-21 15:17:48,75
2019-10-21 15:17:53,75
2019-10-21 15:17:57,77
2019-10-21 15:17:58,78
2019-10-21 15:18:03,78
2019-10-21 15:18:04,77
2019-10-21 15:18:05,78
2019-10-21 15:18:07,79
2019-10-21 15:18:12,79
2019-10-21 15:18:14,77
2019-10-21 15:18:15,76
2019-10-21 15:18:17,74
2019-10-21 15:18:18,75
2019-10-21 15:18:23,75
2019-10-21 15:18:25,77
2019-10-21 15:18:26,75
2019-10-21 15:18:28,73
2019-10-21 15:18:29,74
2019-10-21 15:18:30,75
2019-10-21 15:18:31,68
2019-10-21 15:18:32,75
2019-10-21 15:18:34,76
2019-10-21 15:18:35,77
2019-10-21 15:18:36,84
2019-10-21 15:18:37,90
2019-10-21 15:18:39,93
2019-10-21 15:18:40,95
2019-10-21 15:18:41,94
2019-10-21 15:18:42,93
2019-10-21 15:18:45,86
2019-10-21 15:18:46,85
2019-10-21 15:18:47,84
2019-10-21 15:18:48,77
2019-10-21 15:18:50,73
2019-10-21 15:18:51,71
2019-10-21 15:18:52,70
2019-10-21 15:18:54,71
2019-10-21 15:18:56,72
2019-10-21 15:19:01,72
2019-10-21 15:19:02,74
2019-10-21 15:19:03,75
2019-10-21 15:19:04,74
2019-10-21 15:19:06,81
2019-10-21 15:19:07,84
2019-10-21 15:19:08,85
2019-10-21 15:19:09,79
2019-10-21 15:19:10,76
2019-10-21 15:19:12,74
2019-10-21 15:19:13,75
2019-10-21 15:19:18,75
2019-10-21 15:19:23,75
2019-10-21 15:19:26,77
2019-10-21 15:19:28,78
2019-10-21 15:19:29,77
2019-10-21 15:19:30,78
2019-10-21 15:19:34,77
2019-10-21 15:19:35,76
2019-10-21 15:19:36,82
2019-10-21 15:19:37,85
2019-10-21 15:19:39,84
2019-10-21 15:19:40,77
2019-10-21 15:19:41,73
2019-10-21 15:19:42,71
2019-10-21 15:19:43,70
2019-10-21 15:19:46,63
2019-10-21 15:19:47,64
2019-10-21 15:19:48,58
2019-10-21 15:19:50,54
2019-10-21 15:19:51,53
2019-10-21 15:19:53,60
2019-10-21 15:19:55,66
2019-10-21 15:19:56,71
2019-10-21 15:19:57,75
2019-10-21 15:19:58,77
2019-10-21 15:19:59,78
2019-10-21 15:20:03,77
2019-10-21 15:20:04,76
2019-10-21 15:20:09,76
2019-10-21 15:20:12,77
2019-10-21 15:20:13,78
2019-10-21 15:20:14,77
2019-10-21 15:20:15,76
2019-10-21 15:20:19,75
2019-10-21 15:20:20,74
2019-10-21 15:20:21,72
2019-10-21 15:20:23,71
2019-10-21 15:20:24,70
2019-10-21 15:20:29,70
2019-10-21 15:20:32,71
2019-10-21 15:20:34,72
2019-10-21 15:20:39,72
2019-10-21 15:20:44,72
2019-10-21 15:20:47,71
2019-10-21 15:20:48,70
2019-10-21 15:20:51,71
2019-10-21 15:20:52,72
2019-10-21 15:20:55,74
2019-10-21 15:20:56,73
2019-10-21 15:21:01,73
2019-10-21 15:21:06,74
2019-10-21 15:21:07,75
2019-10-21 15:21:12,74
2019-10-21 15:21:13,73
2019-10-21 15:21:18,71
2019-10-21 15:21:19,70
2019-10-21 15:21:21,74
2019-10-21 15:21:23,81
2019-10-21 15:21:24,77
2019-10-21 15:21:26,78
2019-10-21 15:21:28,80
2019-10-21 15:21:30,78
2019-10-21 15:21:33,79
2019-10-21 15:21:34,83
2019-10-21 15:21:35,85
2019-10-21 15:21:36,86
2019-10-21 15:21:37,87
2019-10-21 15:21:39,89
2019-10-21 15:21:40,90
2019-10-21 15:21:41,92
2019-10-21 15:21:42,93
2019-10-21 15:21:46,92
2019-10-21 15:21:47,87
2019-10-21 15:21:49,92
2019-10-21 15:21:50,91
2019-10-21 15:21:51,90
2019-10-21 15:21:52,86
2019-10-21 15:21:53,84
2019-10-21 15:21:55,77
2019-10-21 15:21:57,78
2019-10-21 15:21:58,79
2019-10-21 15:22:02,83
2019-10-21 15:22:03,85
2019-10-21 15:22:04,86
2019-10-21 15:22:06,88
2019-10-21 15:22:07,89
2019-10-21 15:22:08,90
2019-10-21 15:22:10,89
2019-10-21 15:22:12,82
2019-10-21 15:22:13,83
2019-10-21 15:22:14,90
2019-10-21 15:22:15,83
2019-10-21 15:22:17,82
2019-10-21 15:22:18,81
2019-10-21 15:22:19,80
2019-10-21 15:22:20,79
2019-10-21 15:22:22,78
2019-10-21 15:22:23,80
2019-10-21 15:22:24,76
2019-10-21 15:22:25,74
2019-10-21 15:22:26,78
2019-10-21 15:22:28,81
2019-10-21 15:22:29,83
2019-10-21 15:22:30,84
2019-10-21 15:22:35,84
2019-10-21 15:22:39,77
2019-10-21 15:22:40,76
2019-10-21 15:22:41,69
2019-10-21 15:22:42,64
2019-10-21 15:22:44,61
2019-10-21 15:22:45,62
2019-10-21 15:22:46,69
2019-10-21 15:22:47,75
2019-10-21 15:22:48,78
2019-10-21 15:22:50,80
2019-10-21 15:22:51,82
2019-10-21 15:22:52,83
2019-10-21 15:22:53,84
2019-10-21 15:23:00,83
2019-10-21 15:23:01,82
2019-10-21 15:23:03,83
2019-10-21 15:23:04,84
2019-10-21 15:23:08,83
2019-10-21 15:23:09,82
2019-10-21 15:23:14,83
2019-10-21 15:23:15,84
2019-10-21 15:23:17,86
2019-10-21 15:23:18,87
2019-10-21 15:23:20,84
2019-10-21 15:23:25,83
2019-10-21 15:23:26,82
2019-10-21 15:23:29,80
2019-10-21 15:23:30,81
2019-10-21 15:23:34,83
2019-10-21 15:23:35,84
2019-10-21 15:23:40,84
2019-10-21 15:23:41,77
2019-10-21 15:23:42,75
2019-10-21 15:23:44,74
2019-10-21 15:23:45,75
2019-10-21 15:23:46,76
2019-10-21 15:23:47,77
2019-10-21 15:23:48,79
2019-10-21 15:23:50,82
2019-10-21 15:23:51,83
2019-10-21 15:23:52,82
2019-10-21 15:23:53,77
2019-10-21 15:23:55,76
2019-10-21 15:23:58,74
2019-10-21 15:24:01,73
2019-10-21 15:24:02,74
2019-10-21 15:24:03,75
2019-10-21 15:24:06,77
2019-10-21 15:24:07,76
2019-10-21 15:24:08,77
2019-10-21 15:24:09,78
2019-10-21 15:24:14,79
2019-10-21 15:24:19,79
2019-10-21 15:24:20,80
2019-10-21 15:24:22,81
2019-10-21 15:24:23,80
2019-10-21 15:24:24,79
2019-10-21 15:24:25,80
2019-10-21 15:24:26,85
2019-10-21 15:24:28,88
2019-10-21 15:24:31,86
2019-10-21 15:24:33,81
2019-10-21 15:24:34,80
2019-10-21 15:24:35,78
2019-10-21 15:24:36,77
2019-10-21 15:24:38,75
2019-10-21 15:24:39,74
2019-10-21 15:24:40,73
2019-10-21 15:24:42,71
2019-10-21 15:24:44,70
2019-10-21 15:24:49,70
2019-10-21 15:24:50,71
2019-10-21 15:24:51,72
2019-10-21 15:24:52,74
2019-10-21 15:24:53,76
2019-10-21 15:24:55,77
2019-10-21 15:24:56,78
2019-10-21 15:25:01,77
2019-10-21 15:25:02,76
2019-10-21 15:25:03,74
2019-10-21 15:25:04,73
2019-10-21 15:25:07,71
2019-10-21 15:25:08,70
2019-10-21 15:25:11,69
2019-10-21 15:25:12,68
2019-10-21 15:25:13,72
2019-10-21 15:25:14,73
2019-10-21 15:25:15,74
2019-10-21 15:25:17,81
2019-10-21 15:25:19,83
2019-10-21 15:25:20,85
2019-10-21 15:25:22,86
2019-10-21 15:25:23,85
2019-10-21 15:25:24,83
2019-10-21 15:25:25,84
2019-10-21 15:25:27,77
2019-10-21 15:25:28,72
2019-10-21 15:25:29,71
2019-10-21 15:25:30,70
2019-10-21 15:25:33,68
2019-10-21 15:25:34,72
2019-10-21 15:25:35,74
2019-10-21 15:25:36,75
2019-10-21 15:25:39,74
2019-10-21 15:25:40,73
2019-10-21 15:25:41,71
2019-10-21 15:25:42,72
2019-10-21 15:25:46,74
2019-10-21 15:25:47,73
2019-10-21 15:25:52,73
2019-10-21 15:25:57,73
2019-10-21 15:26:01,74
2019-10-21 15:26:02,73
2019-10-21 15:26:03,74
2019-10-21 15:26:04,73
2019-10-21 15:26:09,73
2019-10-21 15:26:15,73
2019-10-21 15:26:21,72
2019-10-21 15:26:23,65
2019-10-21 15:26:24,72
2019-10-21 15:26:25,73
2019-10-21 15:26:27,74
2019-10-21 15:26:28,81
2019-10-21 15:26:29,84
2019-10-21 15:26:30,86
2019-10-21 15:26:31,85
2019-10-21 15:26:36,84
2019-10-21 15:26:38,83
2019-10-21 15:26:39,81
2019-10-21 15:26:40,78
2019-10-21 15:26:41,75
2019-10-21 15:26:42,74
2019-10-21 15:26:44,75
2019-10-21 15:26:45,76
2019-10-21 15:26:46,71
2019-10-21 15:26:47,70
2019-10-21 15:26:49,71
2019-10-21 15:26:50,72
2019-10-21 15:26:51,67
2019-10-21 15:26:52,68
2019-10-21 15:26:53,70
2019-10-21 15:26:55,76
2019-10-21 15:26:56,79
2019-10-21 15:26:57,80
2019-10-21 15:26:58,81
2019-10-21 15:27:00,74
2019-10-21 15:27:01,76
2019-10-21 15:27:02,79
2019-10-21 15:27:03,78
2019-10-21 15:27:07,81
2019-10-21 15:27:08,82
2019-10-21 15:27:11,83
2019-10-21 15:27:12,84
2019-10-21 15:27:13,85
2019-10-21 15:27:14,82
2019-10-21 15:27:16,81
2019-10-21 15:27:17,74
2019-10-21 15:27:18,73
2019-10-21 15:27:19,66
2019-10-21 15:27:20,71
2019-10-21 15:27:22,72
2019-10-21 15:27:27,72
2019-10-21 15:27:31,72
2019-10-21 15:27:35,71
2019-10-21 15:27:36,70
2019-10-21 15:27:38,71
2019-10-21 15:27:39,72
2019-10-21 15:27:41,74
2019-10-21 15:27:42,75
2019-10-21 15:27:45,77
2019-10-21 15:27:47,78
2019-10-21 15:27:51,77
2019-10-21 15:27:52,81
2019-10-21 15:27:53,84
2019-10-21 15:27:55,77
2019-10-21 15:27:56,81
2019-10-21 15:27:57,84
2019-10-21 15:28:00,86
2019-10-21 15:28:01,87
2019-10-21 15:28:02,86
2019-10-21 15:28:03,87
2019-10-21 15:28:05,86
2019-10-21 15:28:06,85
2019-10-21 15:28:08,83
2019-10-21 15:28:09,78
2019-10-21 15:28:11,77
2019-10-21 15:28:12,75
2019-10-21 15:28:14,74
2019-10-21 15:28:16,75
2019-10-21 15:28:17,80
2019-10-21 15:28:18,82
2019-10-21 15:28:19,83
2019-10-21 15:28:20,84
2019-10-21 15:28:22,77
2019-10-21 15:28:23,75
2019-10-21 15:28:24,74
2019-10-21 15:28:25,77
2019-10-21 15:28:27,75
2019-10-21 15:28:28,74
2019-10-21 15:28:29,75
2019-10-21 15:28:30,76
2019-10-21 15:28:31,77
2019-10-21 15:28:33,78
2019-10-21 15:28:38,78
2019-10-21 15:28:43,78
2019-10-21 15:28:44,77
2019-10-21 15:28:45,79
2019-10-21 15:28:46,82
2019-10-21 15:28:47,81
2019-10-21 15:28:49,77
2019-10-21 15:28:50,84
2019-10-21 15:28:51,87
2019-10-21 15:28:52,80
2019-10-21 15:28:54,73
2019-10-21 15:28:55,71
2019-10-21 15:28:56,70
2019-10-21 15:29:01,70
2019-10-21 15:29:02,71
2019-10-21 15:29:03,72
2019-10-21 15:29:05,71
2019-10-21 15:29:06,70
2019-10-21 15:29:11,70
2019-10-21 15:29:16,70
2019-10-21 15:29:19,74
2019-10-21 15:29:20,73
2019-10-21 15:29:25,73
2019-10-21 15:29:32,71
2019-10-21 15:29:33,70
2019-10-21 15:29:38,70
2019-10-21 15:29:40,69
2019-10-21 15:29:41,68
2019-10-21 15:29:43,67
2019-10-21 15:29:44,68
2019-10-21 15:29:45,67
2019-10-21 15:29:46,68
2019-10-21 15:29:47,72
2019-10-21 15:29:49,74
2019-10-21 15:29:50,75
2019-10-21 15:29:55,75
2019-10-21 15:30:00,74
2019-10-21 15:30:01,73
2019-10-21 15:30:02,71
2019-10-21 15:30:03,70
2019-10-21 15:30:05,71
2019-10-21 15:30:06,72
2019-10-21 15:30:07,73
2019-10-21 15:30:08,74
2019-10-21 15:30:10,76
2019-10-21 15:30:11,79
2019-10-21 15:30:12,82
2019-10-21 15:30:13,83
2019-10-21 15:30:14,90
2019-10-21 15:30:16,92
2019-10-21 15:30:17,94
2019-10-21 15:30:19,95
2019-10-21 15:30:20,94
2019-10-21 15:30:22,77
2019-10-21 15:30:23,73
2019-10-21 15:30:24,72
2019-10-21 15:30:25,71
2019-10-21 15:30:28,72
2019-10-21 15:30:29,74
2019-10-21 15:30:30,73
2019-10-21 15:30:32,66
2019-10-21 15:30:33,59
2019-10-21 15:30:34,58
2019-10-21 15:30:35,62
2019-10-21 15:30:36,69
2019-10-21 15:30:38,70
2019-10-21 15:30:39,71
2019-10-21 15:30:40,78
2019-10-21 15:30:41,84
2019-10-21 15:30:43,87
2019-10-21 15:30:44,89
2019-10-21 15:30:45,82
2019-10-21 15:30:46,81
2019-10-21 15:30:47,77
2019-10-21 15:30:49,76
2019-10-21 15:30:50,69
2019-10-21 15:30:51,71
2019-10-21 15:30:52,73
2019-10-21 15:30:54,74
2019-10-21 15:30:55,75
2019-10-21 15:31:00,76
2019-10-21 15:31:01,74
2019-10-21 15:31:02,73
2019-10-21 15:31:05,77
2019-10-21 15:31:06,84
2019-10-21 15:31:07,81
2019-10-21 15:31:08,87
2019-10-21 15:31:09,83
2019-10-21 15:31:11,82
2019-10-21 15:31:13,81
2019-10-21 15:31:14,74
2019-10-21 15:31:16,73
2019-10-21 15:31:17,66
2019-10-21 15:31:18,67
2019-10-21 15:31:19,68
2019-10-21 15:31:21,75
2019-10-21 15:31:22,78
2019-10-21 15:31:23,80
2019-10-21 15:31:24,79
2019-10-21 15:31:27,74
2019-10-21 15:31:28,72
2019-10-21 15:31:33,72
2019-10-21 15:31:38,72
2019-10-21 15:31:40,71
2019-10-21 15:31:41,70
2019-10-21 15:31:46,70
2019-10-21 15:31:47,71
2019-10-21 15:31:49,72
2019-10-21 15:31:50,74
2019-10-21 15:31:51,75
2019-10-21 15:31:52,77
2019-10-21 15:31:55,78
2019-10-21 15:31:59,80
2019-10-21 15:32:00,81
2019-10-21 15:32:02,80
2019-10-21 15:32:03,76
2019-10-21 15:32:06,74
2019-10-21 15:32:07,73
2019-10-21 15:32:08,71
2019-10-21 15:32:10,72
2019-10-21 15:32:11,73
2019-10-21 15:32:14,74
2019-10-21 15:32:16,75
2019-10-21 15:32:21,75
2019-10-21 15:32:25,74
2019-10-21 15:32:27,73
2019-10-21 15:32:29,71
2019-10-21 15:32:30,70
2019-10-21 15:32:34,71
2019-10-21 15:32:35,72
2019-10-21 15:32:40,72
2019-10-21 15:32:41,74
2019-10-21 15:32:43,75
2019-10-21 15:32:45,74
2019-10-21 15:32:46,73
2019-10-21 15:32:50,74
2019-10-21 15:32:51,76
2019-10-21 15:32:52,79
2019-10-21 15:32:54,80
2019-10-21 15:32:55,75
2019-10-21 15:32:56,72
2019-10-21 15:33:01,72
2019-10-21 15:33:03,74
2019-10-21 15:33:05,75
2019-10-21 15:33:06,77
2019-10-21 15:33:07,79
2019-10-21 15:33:08,85
2019-10-21 15:33:11,86
2019-10-21 15:33:12,87
2019-10-21 15:33:16,80
2019-10-21 15:33:17,79
2019-10-21 15:33:18,77
2019-10-21 15:33:19,72
2019-10-21 15:33:21,65
2019-10-21 15:33:22,63
2019-10-21 15:33:27,69
2019-10-21 15:33:28,71
2019-10-21 15:33:29,67
2019-10-21 15:33:30,65
2019-10-21 15:33:32,67
2019-10-21 15:33:33,68
2019-10-21 15:33:34,69
2019-10-21 15:33:36,71
2019-10-21 15:33:38,73
2019-10-21 15:33:39,76
2019-10-21 15:33:40,77
2019-10-21 15:33:41,79
2019-10-21 15:33:43,80
2019-10-21 15:33:44,81
2019-10-21 15:33:45,80
2019-10-21 15:33:46,79
2019-10-21 15:33:48,77
2019-10-21 15:33:49,76
2019-10-21 15:33:54,77
2019-10-21 15:33:55,79
2019-10-21 15:33:57,82
2019-10-21 15:33:59,85
2019-10-21 15:34:00,86
2019-10-21 15:34:01,85
2019-10-21 15:34:03,91
2019-10-21 15:34:05,94
2019-10-21 15:34:06,95
2019-10-21 15:34:07,94
2019-10-21 15:34:10,93
2019-10-21 15:34:11,86
2019-10-21 15:34:12,85
2019-10-21 15:34:13,84
2019-10-21 15:34:14,78
2019-10-21 15:34:16,81
2019-10-21 15:34:17,84
2019-10-21 15:34:18,77
2019-10-21 15:34:19,81
2019-10-21 15:34:21,74
2019-10-21 15:34:22,73
2019-10-21 15:34:23,70
2019-10-21 15:34:24,63
2019-10-21 15:34:25,66
2019-10-21 15:34:27,69
2019-10-21 15:34:28,70
2019-10-21 15:34:29,71
2019-10-21 15:34:30,72
2019-10-21 15:34:34,71
2019-10-21 15:34:35,70
2019-10-21 15:34:37,67
2019-10-21 15:34:39,65
2019-10-21 15:34:40,64
2019-10-21 15:34:41,65
2019-10-21 15:34:43,67
2019-10-21 15:34:44,73
2019-10-21 15:34:45,76
2019-10-21 15:34:46,77
2019-10-21 15:34:48,78
2019-10-21 15:34:51,77
2019-10-21 15:34:52,76
2019-10-21 15:34:54,77
2019-10-21 15:34:55,78
2019-10-21 15:35:00,78
2019-10-21 15:35:01,77
2019-10-21 15:35:02,78
2019-10-21 15:35:03,77
2019-10-21 15:35:05,76
2019-10-21 15:35:07,80
2019-10-21 15:35:08,84
2019-10-21 15:35:11,83
2019-10-21 15:35:12,84
2019-10-21 15:35:14,85
2019-10-21 15:35:16,84
2019-10-21 15:35:17,77
2019-10-21 15:35:18,73
2019-10-21 15:35:19,71
2019-10-21 15:35:21,70
2019-10-21 15:35:22,71
2019-10-21 15:35:23,72
2019-10-21 15:35:27,71
2019-10-21 15:35:28,69
2019-10-21 15:35:33,69
2019-10-21 15:35:38,69
2019-10-21 15:35:43,69
2019-10-21 15:35:48,69
2019-10-21 15:35:50,71
2019-10-21 15:35:51,72
2019-10-21 15:35:54,74
2019-10-21 15:35:55,75
2019-10-21 15:35:57,74
2019-10-21 15:35:59,73
2019-10-21 15:36:02,74
2019-10-21 15:36:03,75
2019-10-21 15:36:07,74
2019-10-21 15:36:08,75
2019-10-21 15:36:10,74
2019-10-21 15:36:11,73
2019-10-21 15:36:13,74
2019-10-21 15:36:15,73
2019-10-21 15:36:16,74
2019-10-21 15:36:17,75
2019-10-21 15:36:21,74
2019-10-21 15:36:22,73
2019-10-21 15:36:24,71
2019-10-21 15:36:26,70
2019-10-21 15:36:28,71
2019-10-21 15:36:29,72
2019-10-21 15:36:33,74
2019-10-21 15:36:34,75
2019-10-21 15:36:37,74
2019-10-21 15:36:38,73
2019-10-21 15:36:43,73
2019-10-21 15:36:48,74
2019-10-21 15:36:53,75
2019-10-21 15:36:54,70
2019-10-21 15:36:59,70
2019-10-21 15:37:00,71
2019-10-21 15:37:01,72
2019-10-21 15:37:05,74
2019-10-21 15:37:06,75
2019-10-21 15:37:08,76
2019-10-21 15:37:12,70
2019-10-21 15:37:13,67
2019-10-21 15:37:15,71
2019-10-21 15:37:16,72
2019-10-21 15:37:19,71
2019-10-21 15:37:21,70
2019-10-21 15:37:26,71
2019-10-21 15:37:27,72
2019-10-21 15:37:28,74
2019-10-21 15:37:29,73
2019-10-21 15:37:34,73
2019-10-21 15:37:38,74
2019-10-21 15:37:39,75
2019-10-21 15:37:43,77
2019-10-21 15:37:44,78
2019-10-21 15:37:46,77
2019-10-21 15:37:48,78
2019-10-21 15:37:49,77
2019-10-21 15:37:50,76
2019-10-21 15:37:53,77
2019-10-21 15:37:54,78
2019-10-21 15:37:57,79
2019-10-21 15:37:59,80
2019-10-21 15:38:00,76
2019-10-21 15:38:01,74
2019-10-21 15:38:02,73
2019-10-21 15:38:07,73
2019-10-21 15:38:10,79
2019-10-21 15:38:12,80
2019-10-21 15:38:13,81
2019-10-21 15:38:19,80
2019-10-21 15:38:21,79
2019-10-21 15:38:22,77
2019-10-21 15:38:23,76
2019-10-21 15:38:24,69
2019-10-21 15:38:26,64
2019-10-21 15:38:27,61
2019-10-21 15:38:28,60
2019-10-21 15:38:29,61
2019-10-21 15:38:30,62
2019-10-21 15:38:32,66
2019-10-21 15:38:34,68
2019-10-21 15:38:35,67
2019-10-21 15:38:37,65
2019-10-21 15:38:38,64
2019-10-21 15:38:40,65
2019-10-21 15:38:42,67
2019-10-21 15:38:43,68
2019-10-21 15:38:44,69
2019-10-21 15:38:46,74
2019-10-21 15:38:48,72
2019-10-21 15:38:49,71
2019-10-21 15:38:50,70
2019-10-21 15:38:51,72
2019-10-21 15:38:53,74
2019-10-21 15:38:54,75
2019-10-21 15:38:59,77
2019-10-21 15:39:00,76
2019-10-21 15:39:02,79
2019-10-21 15:39:04,78
2019-10-21 15:39:05,71
2019-10-21 15:39:06,70
2019-10-21 15:39:07,67
2019-10-21 15:39:11,68
2019-10-21 15:39:12,69
2019-10-21 15:39:17,69
2019-10-21 15:39:19,70
2019-10-21 15:39:22,71
2019-10-21 15:39:23,72
2019-10-21 15:39:26,74
2019-10-21 15:39:27,75
2019-10-21 15:39:31,74
2019-10-21 15:39:32,73
2019-10-21 15:39:37,73
2019-10-21 15:39:38,74
2019-10-21 15:39:39,75
2019-10-21 15:39:42,71
2019-10-21 15:39:43,67
2019-10-21 15:39:44,68
2019-10-21 15:39:45,69
2019-10-21 15:39:50,71
2019-10-21 15:39:53,70
2019-10-21 15:39:54,73
2019-10-21 15:39:55,70
2019-10-21 15:39:56,67
2019-10-21 15:39:57,65
2019-10-21 15:39:59,64
2019-10-21 15:40:00,65
2019-10-21 15:40:01,67
2019-10-21 15:40:02,68
2019-10-21 15:40:04,69
2019-10-21 15:40:06,68
2019-10-21 15:40:07,67
2019-10-21 15:40:11,68
2019-10-21 15:40:12,69
2019-10-21 15:40:15,71
2019-10-21 15:40:16,72
2019-10-21 15:40:20,74
2019-10-21 15:40:22,75
2019-10-21 15:40:23,74
2019-10-21 15:40:25,73
2019-10-21 15:40:28,71
2019-10-21 15:40:29,70
2019-10-21 15:40:34,70
2019-10-21 15:40:35,68
2019-10-21 15:40:37,67
2019-10-21 15:40:38,68
2019-10-21 15:40:39,69
2019-10-21 15:40:44,69
2019-10-21 15:40:48,70
2019-10-21 15:40:53,70
2019-10-21 15:40:55,68
2019-10-21 15:40:56,67
2019-10-21 15:41:01,68
2019-10-21 15:41:02,69
2019-10-21 15:41:09,69
2019-10-21 15:41:13,69
2019-10-21 15:41:18,68
2019-10-21 15:41:20,67
2019-10-21 15:41:21,68
2019-10-21 15:41:22,69
2019-10-21 15:41:27,69
2019-10-21 15:41:32,68
2019-10-21 15:41:34,67
2019-10-21 15:41:38,68
2019-10-21 15:41:39,69
2019-10-21 15:41:44,71
2019-10-21 15:41:46,70
2019-10-21 15:41:51,70
2019-10-21 15:41:53,68
2019-10-21 15:41:54,67
2019-10-21 15:41:59,67
2019-10-21 15:42:04,67
2019-10-21 15:42:06,65
2019-10-21 15:42:07,64
2019-10-21 15:42:12,64
2019-10-21 15:42:15,63
2019-10-21 15:42:16,62
2019-10-21 15:42:18,63
2019-10-21 15:42:22,69
2019-10-21 15:42:23,72
2019-10-21 15:42:24,68
2019-10-21 15:42:26,72
2019-10-21 15:42:27,74
2019-10-21 15:42:28,73
2019-10-21 15:42:29,74
2019-10-21 15:42:31,79
2019-10-21 15:42:32,80
2019-10-21 15:42:33,79
2019-10-21 15:42:34,77
2019-10-21 15:42:35,73
2019-10-21 15:42:39,71
2019-10-21 15:42:40,70
2019-10-21 15:42:47,70
2019-10-21 15:42:50,69
2019-10-21 15:42:51,68
2019-10-21 15:42:53,67
2019-10-21 15:42:58,67
2019-10-21 15:43:00,65
2019-10-21 15:43:01,66
2019-10-21 15:43:02,65
2019-10-21 15:43:04,66
2019-10-21 15:43:09,66
2019-10-21 15:43:13,66
2019-10-21 15:43:17,68
2019-10-21 15:43:18,69
2019-10-21 15:43:22,68
2019-10-21 15:43:23,67
2019-10-21 15:43:28,68
2019-10-21 15:43:31,69
2019-10-21 15:43:36,69
2019-10-21 15:43:40,69
2019-10-21 15:43:42,71
2019-10-21 15:43:43,73
2019-10-21 15:43:44,79
2019-10-21 15:43:45,80
2019-10-21 15:43:48,81
2019-10-21 15:43:49,80
2019-10-21 15:43:50,79
2019-10-21 15:43:51,77
2019-10-21 15:43:53,75
2019-10-21 15:43:54,74
2019-10-21 15:43:55,73
2019-10-21 15:43:56,72
2019-10-21 15:43:58,71
2019-10-21 15:43:59,70
2019-10-21 15:44:04,71
2019-10-21 15:44:06,73
2019-10-21 15:44:10,76
2019-10-21 15:44:11,73
2019-10-21 15:44:12,70
2019-10-21 15:44:14,68
2019-10-21 15:44:15,66
2019-10-21 15:44:16,65
2019-10-21 15:44:17,64
2019-10-21 15:44:21,65
2019-10-21 15:44:22,66
2019-10-21 15:44:25,65
2019-10-21 15:44:26,64
2019-10-21 15:44:31,64
2019-10-21 15:44:32,65
2019-10-21 15:44:33,66
2019-10-21 15:44:38,66
2019-10-21 15:44:43,66
2019-10-21 15:44:45,67
2019-10-21 15:44:47,68
2019-10-21 15:44:48,69
2019-10-21 15:44:53,69
2019-10-21 15:44:55,68
2019-10-21 15:44:56,69
2019-10-21 15:44:58,70
2019-10-21 15:45:01,71
2019-10-21 15:45:02,72
2019-10-21 15:45:06,73
2019-10-21 15:45:07,74
2019-10-21 15:45:10,75
2019-10-21 15:45:11,76
2019-10-21 15:45:12,77
2019-10-21 15:45:15,78
2019-10-21 15:45:16,80
2019-10-21 15:45:17,81
2019-10-21 15:45:22,82
2019-10-21 15:45:23,80
2019-10-21 15:45:25,87
2019-10-21 15:45:26,92
2019-10-21 15:45:27,93
2019-10-21 15:45:29,92
2019-10-21 15:45:31,85
2019-10-21 15:45:32,80
2019-10-21 15:45:33,76
2019-10-21 15:45:37,74
2019-10-21 15:45:38,72
2019-10-21 15:45:39,71
2019-10-21 15:45:40,76
2019-10-21 15:45:42,79
2019-10-21 15:45:43,82
2019-10-21 15:45:44,83
2019-10-21 15:45:45,82
2019-10-21 15:45:47,83
2019-10-21 15:45:48,84
2019-10-21 15:45:49,83
2019-10-21 15:45:50,76
2019-10-21 15:45:51,73
2019-10-21 15:45:53,70
2019-10-21 15:45:58,71
2019-10-21 15:45:59,72
2019-10-21 15:46:04,74
2019-10-21 15:46:05,75
2019-10-21 15:46:09,74
2019-10-21 15:46:10,73
2019-10-21 15:46:11,71
2019-10-21 15:46:12,70
2019-10-21 15:46:15,68
2019-10-21 15:46:16,72
2019-10-21 15:46:17,74
2019-10-21 15:46:18,75
2019-10-21 15:46:23,75
2019-10-21 15:46:30,74
2019-10-21 15:46:31,78
2019-10-21 15:46:32,81
2019-10-21 15:46:33,74
2019-10-21 15:46:34,73
2019-10-21 15:46:36,79
2019-10-21 15:46:37,82
2019-10-21 15:46:38,83
2019-10-21 15:46:39,84
2019-10-21 15:46:41,83
2019-10-21 15:46:42,82
2019-10-21 15:46:43,86
2019-10-21 15:46:44,88
2019-10-21 15:46:45,82
2019-10-21 15:46:47,80
2019-10-21 15:46:48,79
2019-10-21 15:46:52,80
2019-10-21 15:46:53,81
2019-10-21 15:46:55,83
2019-10-21 15:46:56,84
2019-10-21 15:46:59,77
2019-10-21 15:47:00,82
2019-10-21 15:47:01,86
2019-10-21 15:47:03,87
2019-10-21 15:47:05,86
2019-10-21 15:47:06,85
2019-10-21 15:47:07,83
2019-10-21 15:47:09,82
2019-10-21 15:47:14,82
2019-10-21 15:47:17,80
2019-10-21 15:47:18,78
2019-10-21 15:47:20,77
2019-10-21 15:47:21,76
2019-10-21 15:47:26,77
2019-10-21 15:47:27,84
2019-10-21 15:47:28,78
2019-10-21 15:47:30,71
2019-10-21 15:47:31,65
2019-10-21 15:47:32,62
2019-10-21 15:47:37,62
2019-10-21 15:47:39,67
2019-10-21 15:47:41,71
2019-10-21 15:47:42,73
2019-10-21 15:47:43,74
2019-10-21 15:47:45,75
2019-10-21 15:47:52,75
2019-10-21 15:47:55,76
2019-10-21 15:47:56,77
2019-10-21 15:47:59,78
2019-10-21 15:48:00,79
2019-10-21 15:48:01,80
2019-10-21 15:48:04,81
2019-10-21 15:48:06,80
2019-10-21 15:48:07,81
2019-10-21 15:48:10,83
2019-10-21 15:48:11,85
2019-10-21 15:48:12,86
2019-10-21 15:48:14,87
2019-10-21 15:48:15,83
2019-10-21 15:48:16,79
2019-10-21 15:48:17,76
2019-10-21 15:48:18,73
2019-10-21 15:48:20,74
2019-10-21 15:48:21,72
2019-10-21 15:48:22,73
2019-10-21 15:48:23,70
2019-10-21 15:48:25,68
2019-10-21 15:48:26,67
2019-10-21 15:48:27,68
2019-10-21 15:48:28,72
2019-10-21 15:48:30,73
2019-10-21 15:48:32,74
2019-10-21 15:48:33,73
2019-10-21 15:48:35,77
2019-10-21 15:48:36,76
2019-10-21 15:48:37,69
2019-10-21 15:48:38,62
2019-10-21 15:48:39,69
2019-10-21 15:48:41,62
2019-10-21 15:48:42,69
2019-10-21 15:48:44,70
2019-10-21 15:48:45,76
2019-10-21 15:48:47,77
2019-10-21 15:48:48,78
2019-10-21 15:48:50,77
2019-10-21 15:48:52,76
2019-10-21 15:48:57,76
2019-10-21 15:48:58,77
2019-10-21 15:48:59,78
2019-10-21 15:49:01,77
2019-10-21 15:49:04,75
2019-10-21 15:49:05,74
2019-10-21 15:49:06,68
2019-10-21 15:49:08,65
2019-10-21 15:49:09,72
2019-10-21 15:49:10,73
2019-10-21 15:49:11,66
2019-10-21 15:49:12,67
2019-10-21 15:49:14,71
2019-10-21 15:49:15,73
2019-10-21 15:49:16,79
2019-10-21 15:49:17,78
2019-10-21 15:49:19,71
2019-10-21 15:49:20,65
2019-10-21 15:49:21,72
2019-10-21 15:49:22,73
2019-10-21 15:49:23,74
2019-10-21 15:49:25,81
2019-10-21 15:49:27,80
2019-10-21 15:49:28,79
2019-10-21 15:49:30,78
2019-10-21 15:49:31,77
2019-10-21 15:49:32,72
2019-10-21 15:49:33,73
2019-10-21 15:49:34,74
2019-10-21 15:49:36,81
2019-10-21 15:49:37,83
2019-10-21 15:49:38,84
2019-10-21 15:49:41,83
2019-10-21 15:49:42,84
2019-10-21 15:49:43,81
2019-10-21 15:49:44,78
2019-10-21 15:49:45,77
2019-10-21 15:49:47,78
2019-10-21 15:49:49,80
2019-10-21 15:49:50,81
2019-10-21 15:49:53,74
2019-10-21 15:49:54,78
2019-10-21 15:49:55,80
2019-10-21 15:49:57,81
2019-10-21 15:49:59,74
2019-10-21 15:50:00,78
2019-10-21 15:50:01,81
2019-10-21 15:50:03,74
2019-10-21 15:50:04,75
2019-10-21 15:50:05,74
2019-10-21 15:50:06,75
2019-10-21 15:50:11,74
2019-10-21 15:50:12,73
2019-10-21 15:50:19,74
2019-10-21 15:50:20,75
2019-10-21 15:50:21,77
2019-10-21 15:50:22,76
2019-10-21 15:50:27,76
2019-10-21 15:50:32,76
2019-10-21 15:50:37,73
2019-10-21 15:50:38,71
2019-10-21 15:50:39,70
2019-10-21 15:50:42,71
2019-10-21 15:50:43,72
2019-10-21 15:50:47,73
2019-10-21 15:50:48,74
2019-10-21 15:50:49,75
2019-10-21 15:50:50,76
2019-10-21 15:50:52,77
2019-10-21 15:50:53,78
2019-10-21 15:50:54,80
2019-10-21 15:50:55,81
2019-10-21 15:50:59,80
2019-10-21 15:51:00,78
2019-10-21 15:51:01,75
2019-10-21 15:51:03,74
2019-10-21 15:51:04,72
2019-10-21 15:51:05,71
2019-10-21 15:51:06,70
2019-10-21 15:51:11,71
2019-10-21 15:51:12,72
2019-10-21 15:51:16,74
2019-10-21 15:51:17,76
2019-10-21 15:51:19,77
2019-10-21 15:51:20,78
2019-10-21 15:51:22,80
2019-10-21 15:51:23,81
2019-10-21 15:51:26,83
2019-10-21 15:51:27,76
2019-10-21 15:51:28,73
2019-10-21 15:51:31,71
2019-10-21 15:51:32,69
2019-10-21 15:51:33,68
2019-10-21 15:51:34,69
2019-10-21 15:51:36,68
2019-10-21 15:51:37,72
2019-10-21 15:51:38,74
2019-10-21 15:51:39,73
2019-10-21 15:51:46,74
2019-10-21 15:51:47,72
2019-10-21 15:51:48,75
2019-10-21 15:51:49,72
2019-10-21 15:51:52,71
2019-10-21 15:51:53,70
2019-10-21 15:51:54,71
2019-10-21 15:51:55,72
2019-10-21 15:51:58,74
2019-10-21 15:51:59,75
2019-10-21 15:52:03,76
2019-10-21 15:52:08,76
2019-10-21 15:52:12,76
2019-10-21 15:52:17,76
2019-10-21 15:52:20,74
2019-10-21 15:52:21,72
2019-10-21 15:52:22,71
2019-10-21 15:52:24,72
2019-10-21 15:52:27,74
2019-10-21 15:52:28,75
2019-10-21 15:52:31,74
2019-10-21 15:52:32,73
2019-10-21 15:52:37,73
2019-10-21 15:52:42,73
2019-10-21 15:52:44,74
2019-10-21 15:52:46,75
2019-10-21 15:52:50,75
2019-10-21 15:52:52,74
2019-10-21 15:52:53,73
2019-10-21 15:52:57,72
2019-10-21 15:52:59,74
2019-10-21 15:53:00,72
2019-10-21 15:53:01,75
2019-10-21 15:53:03,77
2019-10-21 15:53:04,78
2019-10-21 15:53:09,78
2019-10-21 15:53:11,77
2019-10-21 15:53:12,76
2019-10-21 15:53:14,74
2019-10-21 15:53:15,73
2019-10-21 15:53:20,73
2019-10-21 15:53:21,74
2019-10-21 15:53:22,75
2019-10-21 15:53:26,74
2019-10-21 15:53:27,69
2019-10-21 15:53:28,66
2019-10-21 15:53:30,65
2019-10-21 15:53:31,64
2019-10-21 15:53:32,63
2019-10-21 15:53:33,62
2019-10-21 15:53:36,67
2019-10-21 15:53:37,70
2019-10-21 15:53:38,71
2019-10-21 15:53:39,73
2019-10-21 15:53:41,74
2019-10-21 15:53:42,75
2019-10-21 15:53:43,74
2019-10-21 15:53:44,70
2019-10-21 15:53:50,70
2019-10-21 15:53:52,71
2019-10-21 15:53:53,72
2019-10-21 15:53:57,71
2019-10-21 15:53:58,72
2019-10-21 15:54:00,71
2019-10-21 15:54:01,70
2019-10-21 15:54:03,71
2019-10-21 15:54:04,76
2019-10-21 15:54:06,79
2019-10-21 15:54:09,80
2019-10-21 15:54:10,79
2019-10-21 15:54:13,78
2019-10-21 15:54:14,80
2019-10-21 15:54:15,79
2019-10-21 15:54:16,78
2019-10-21 15:54:19,71
2019-10-21 15:54:20,73
2019-10-21 15:54:25,73
2019-10-21 15:54:26,76
2019-10-21 15:54:27,77
2019-10-21 15:54:28,78
2019-10-21 15:54:31,77
2019-10-21 15:54:32,75
2019-10-21 15:54:33,74
2019-10-21 15:54:35,73
2019-10-21 15:54:37,71
2019-10-21 15:54:38,70
2019-10-21 15:54:41,71
2019-10-21 15:54:42,72
2019-10-21 15:54:44,74
2019-10-21 15:54:46,73
2019-10-21 15:54:47,75
2019-10-21 15:54:49,76
2019-10-21 15:54:50,77
2019-10-21 15:54:52,75
2019-10-21 15:54:54,81
2019-10-21 15:54:55,80
2019-10-21 15:54:57,79
2019-10-21 15:54:58,82
2019-10-21 15:54:59,81
2019-10-21 15:55:00,82
2019-10-21 15:55:02,83
2019-10-21 15:55:03,87
2019-10-21 15:55:04,80
2019-10-21 15:55:05,82
2019-10-21 15:55:06,83
2019-10-21 15:55:08,84
2019-10-21 15:55:09,86
2019-10-21 15:55:10,87
2019-10-21 15:55:15,87
2019-10-21 15:55:16,80
2019-10-21 15:55:18,81
2019-10-21 15:55:19,74
2019-10-21 15:55:20,73
2019-10-21 15:55:21,76
2019-10-21 15:55:22,77
2019-10-21 15:55:24,73
2019-10-21 15:55:25,75
2019-10-21 15:55:26,77
2019-10-21 15:55:27,81
2019-10-21 15:55:28,78
2019-10-21 15:55:30,80
2019-10-21 15:55:31,79
2019-10-21 15:55:36,79
2019-10-21 15:55:41,79
2019-10-21 15:55:42,80
2019-10-21 15:55:43,81
2019-10-21 15:55:44,83
2019-10-21 15:55:47,85
2019-10-21 15:55:48,84
2019-10-21 15:55:49,86
2019-10-21 15:55:51,87
2019-10-21 15:55:53,86
2019-10-21 15:55:54,87
2019-10-21 15:55:55,88
2019-10-21 15:55:58,89
2019-10-21 15:56:03,85
2019-10-21 15:56:04,79
2019-10-21 15:56:05,82
2019-10-21 15:56:06,83
2019-10-21 15:56:08,82
2019-10-21 15:56:09,83
2019-10-21 15:56:10,84
2019-10-21 15:56:15,78
2019-10-21 15:56:16,77
2019-10-21 15:56:17,76
2019-10-21 15:56:20,73
2019-10-21 15:56:21,74
2019-10-21 15:56:22,75
2019-10-21 15:56:24,76
2019-10-21 15:56:26,77
2019-10-21 15:56:27,78
2019-10-21 15:56:30,79
2019-10-21 15:56:31,80
2019-10-21 15:56:32,81
2019-10-21 15:56:33,83
2019-10-21 15:56:35,84
2019-10-21 15:56:37,83
2019-10-21 15:56:38,82
2019-10-21 15:56:40,83
2019-10-21 15:56:41,84
2019-10-21 15:56:43,83
2019-10-21 15:56:44,82
2019-10-21 15:56:47,83
2019-10-21 15:56:48,82
2019-10-21 15:56:51,80
2019-10-21 15:56:52,79
2019-10-21 15:56:53,80
2019-10-21 15:56:54,82
2019-10-21 15:56:56,77
2019-10-21 15:56:57,73
2019-10-21 15:56:58,71
2019-10-21 15:56:59,70
2019-10-21 15:57:03,68
2019-10-21 15:57:04,73
2019-10-21 15:57:05,76
2019-10-21 15:57:06,79
2019-10-21 15:57:09,80
2019-10-21 15:57:10,79
2019-10-21 15:57:14,77
2019-10-21 15:57:15,78
2019-10-21 15:57:20,78
2019-10-21 15:57:21,80
2019-10-21 15:57:22,81
2019-10-21 15:57:24,80
2019-10-21 15:57:25,79
2019-10-21 15:57:26,78
2019-10-21 15:57:29,75
2019-10-21 15:57:30,74
2019-10-21 15:57:31,73
2019-10-21 15:57:35,74
2019-10-21 15:57:36,75
2019-10-21 15:57:37,77
2019-10-21 15:57:40,78
2019-10-21 15:57:44,77
2019-10-21 15:57:46,76
2019-10-21 15:57:51,77
2019-10-21 15:57:52,78
2019-10-21 15:57:57,78
2019-10-21 15:58:00,77
2019-10-21 15:58:03,78
2019-10-21 15:58:08,77
2019-10-21 15:58:09,76
2019-10-21 15:58:14,76
2019-10-21 15:58:15,77
2019-10-21 15:58:16,78
2019-10-21 15:58:18,80
2019-10-21 15:58:19,81
2019-10-21 15:58:24,80
2019-10-21 15:58:25,79
2019-10-21 15:58:26,81
2019-10-21 15:58:27,80
2019-10-21 15:58:29,81
2019-10-21 15:58:31,82
2019-10-21 15:58:32,83
2019-10-21 15:58:34,84
2019-10-21 15:58:36,83
2019-10-21 15:58:37,82
2019-10-21 15:58:42,83
2019-10-21 15:58:43,82
2019-10-21 15:58:46,80
2019-10-21 15:58:47,78
2019-10-21 15:58:48,77
2019-10-21 15:58:51,76
2019-10-21 15:58:54,82
2019-10-21 15:58:56,86
2019-10-21 15:58:57,88
2019-10-21 15:58:58,89
2019-10-21 15:58:59,90
2019-10-21 15:59:00,89
2019-10-21 15:59:02,87
2019-10-21 15:59:03,86
2019-10-21 15:59:04,85
2019-10-21 15:59:07,86
2019-10-21 15:59:08,87
2019-10-21 15:59:10,86
2019-10-21 15:59:11,85
2019-10-21 15:59:15,83
2019-10-21 15:59:17,80
2019-10-21 15:59:18,75
2019-10-21 15:59:20,71
2019-10-21 15:59:24,70
2019-10-21 15:59:26,71
2019-10-21 15:59:27,75
2019-10-21 15:59:29,78
2019-10-21 15:59:30,80
2019-10-21 15:59:31,79
2019-10-21 15:59:36,77
2019-10-21 15:59:37,76
2019-10-21 15:59:40,77
2019-10-21 15:59:42,78
2019-10-21 15:59:44,80
2019-10-21 15:59:46,76
2019-10-21 15:59:47,74
2019-10-21 15:59:48,73
2019-10-21 15:59:49,77
2019-10-21 15:59:51,73
2019-10-21 15:59:52,77
2019-10-21 15:59:53,79
2019-10-21 15:59:54,80
2019-10-21 15:59:56,81
2019-10-21 15:59:58,86
2019-10-21 15:59:59,90
2019-10-21 16:00:00,87
